id,domain,status,purchase_price,renewal_price,attractiveness,demand,length,registrar,created_at,expires_at,status_verified_at
224cdf24-5104-41d6-b433-82b6d5974b49,disruptive.cfd,premium,68.43,147.2,medium,low,10,namesilo,,,14/08/2026 12:21
5da9da8e-868b-4ee3-85fa-3e374391164a,occupied.cfd,available,1.39,26.98,high,low,8,namecheap,,,17/08/2026 07:34
f914db11-a2bd-47d5-972b-5f9e05300d89,charm.cfd,premium,390,780,high,low,5,namecheap,,,19/09/2026 20:23
a49969df-6414-4cb0-a643-e2af1018b8d1,cager.cfd,available,1.88,19.49,medium,low,5,namesilo,,,22/09/2026 11:27
1be346cf-eb25-40a1-99e3-9212570f1741,acetin.cfd,available,1.88,19.49,medium,low,6,namesilo,,,17/09/2026 00:06
4d2defd1-d6fa-4f6f-8897-7d48157f9e74,mutually.cfd,available,1.39,26.98,medium,low,8,namecheap,,,15/09/2026 15:56
f05b93ea-b077-4e0b-b34a-acad88f800fd,neon.cfd,resell,,,high,medium,4,,,,20/09/2026 21:55
51b3db54-b261-406f-a41e-7d61f7ea4a54,lighten.cfd,available,1.49,,high,low,7,name.com,,,
8bbb0f41-2e1c-46d6-9c88-1b63e42fa93a,tawdry.cfd,premium,384,768,medium,low,6,namesilo,,,12/08/2026 03:29
8ad40dd7-06b9-41bd-8d9c-86cda973c060,trembling.cfd,available,1.39,26.98,high,medium,9,namecheap,,,10/09/2026 06:41
db77c1f6-bb87-4260-930e-6c82bded4b4a,eponymous.cfd,available,1.39,26.98,high,low,9,namecheap,,,17/08/2026 11:29
3cc96658-7f16-4d96-a5b8-094ec2943037,speedily.cfd,available,1.39,26.98,high,low,8,namecheap,,,13/09/2026 20:19
7f04dc74-6175-4c0e-9b15-b70ae87695b1,factory.cfd,premium,68.43,147.2,high,low,7,namesilo,,,25/09/2026 22:41
d61d46ff-3b54-4886-abd2-b0b9c4c9ceb8,skinless.cfd,available,1.39,26.98,medium,low,8,namecheap,,,10/09/2026 09:42
e3b4d320-2f12-4576-b7c6-662393235b29,ceremony.cfd,premium,68.43,147.2,high,low,8,namesilo,,,08/09/2026 07:31
31d17349-b9de-49a6-a860-d74be2d42f0e,barbecued.cfd,available,1.39,26.98,medium,low,9,namecheap,,,08/08/2026 16:25
b976a3b1-523f-4d49-b9a8-4e8e442c373f,foretoken.cfd,available,1.88,19.49,high,low,9,namesilo,,,21/09/2026 03:42
9ae0f372-d4c3-44f6-a1ec-65faed6aaf50,gadolinium.cfd,available,1.88,19.49,medium,low,10,namesilo,,,20/09/2026 23:27
03d8a3a2-002b-4243-9b82-2335ad3bca17,elvish.cfd,available,1.39,26.98,medium,low,6,namecheap,,,16/08/2026 03:43
cb326347-110a-4518-a6a4-afa33605b81d,kale.cfd,premium,384,768,high,low,4,namesilo,,,24/09/2026 06:48
2132de17-aaaf-4bc3-9879-6fc57c9e62d4,lumpen.cfd,available,1.39,26.98,medium,low,6,namecheap,,,24/08/2026 11:14
52a0993a-06d9-45d5-aa40-f8118d63d456,studios.cfd,premium,74.75,149.5,high,low,7,namecheap,,,18/09/2026 18:25
fb9f6d70-6803-401c-86bf-163262d488bc,carnegie.cfd,premium,74.75,149.5,high,low,8,namecheap,,,19/09/2026 04:42
91690086-eb38-464a-abd4-bfff615d419c,platter.cfd,available,1.49,,high,low,7,name.com,,,
8cc1d55b-92ac-4b49-a427-6ca1538bd77d,blackboard.cfd,premium,384,768,high,low,10,namesilo,,,24/09/2026 02:09
7bd31170-e543-41bf-927f-b0a01e1db377,choked.cfd,available,1.39,26.98,medium,low,6,namecheap,,,12/08/2026 06:39
9ff8e084-12d7-4fcc-8bc6-cc1fca58bb8d,dupe.cfd,premium,11.8,23.6,high,low,4,namesilo,,,12/08/2026 15:10
27a8bd6d-097e-4dd6-af36-22b845de53a1,whacking.cfd,available,1.39,26.98,medium,low,8,namecheap,,,13/09/2026 11:09
7b186a3c-80b1-469b-bbd2-888603988749,coffee.cfd,premium,165.12,330.24,high,medium,6,namesilo,,,
df679990-b65a-4a39-a80e-86b5105c2843,announcement.cfd,premium,68.43,147.2,high,low,12,namesilo,,,26/09/2026 00:47
be635519-256d-4659-8961-7bae3e6988f7,artifice.cfd,available,1.88,19.49,high,low,8,namesilo,,,20/09/2026 11:34
dced2428-6b29-486b-a93b-909925ed492f,astride.cfd,available,1.39,26.98,medium,low,7,namecheap,,,13/09/2026 22:11
efa983e9-164f-4c77-bee2-2d41931a0620,phylliform.cfd,available,1.39,26.98,high,medium,10,namecheap,,,08/09/2026 19:24
0cba8a0c-19de-48a0-b807-e56ce9f5c2ef,egoist.cfd,premium,384,768,medium,low,6,namesilo,,,15/08/2026 19:43
c893878a-abb9-4542-bce6-44851e50bfc2,synoecious.cfd,available,1.39,26.98,medium,low,10,namecheap,,,11/09/2026 06:29
fa3075ff-f438-40ca-83ef-97012ec393c4,brazenly.cfd,available,1.39,26.98,medium,low,8,namecheap,,,14/09/2026 01:24
71293a03-df1f-41b6-857b-c463951b2b00,linchpin.cfd,available,1.88,19.49,high,low,8,namesilo,,,21/09/2026 15:17
d6387bb6-c291-4a62-afc7-4a5706298974,cubist.cfd,available,1.39,26.98,high,low,6,namecheap,,,13/08/2026 10:03
789f1d7d-937d-4ce2-af26-20a0756ff528,unfixed.cfd,available,1.39,26.98,medium,low,7,namecheap,,,12/09/2026 10:28
1122169a-16d8-4f70-a3ef-d6fad3587e02,mac.cfd,premium,329.6,659.2,high,high,3,namesilo,,,
8bb91a57-1c00-4a62-8290-ca3af0d92b8f,journey.cfd,premium,165.12,330.24,high,low,7,namesilo,,,
efa4d93d-d42e-477f-a830-3e312ee0abd9,cram.cfd,premium,13,26,high,low,4,namecheap,,,10/08/2026 18:14
6cfd5e7c-5c5d-44bd-b6e1-cbfe03b02c88,funicular.cfd,available,1.39,26.98,medium,low,9,namecheap,,,18/08/2026 18:41
acef1c17-401f-4125-910f-3e7c37019e9a,ely.cfd,premium,192,384,high,low,3,namesilo,,,25/09/2026 16:10
15174978-b322-4407-aa9a-fd639af82df3,sakharov.cfd,available,1.88,19.49,high,low,8,namesilo,,,19/09/2026 04:30
e6093eb2-302f-46d0-9430-37b84678b065,booklover.cfd,premium,74.75,149.5,high,low,9,namecheap,,,23/09/2026 12:51
ab087f23-ebbc-41df-9395-a06ba80c010b,shrugs.cfd,available,1.88,19.49,medium,low,6,namesilo,,,20/09/2026 12:14
60c7d855-2309-4ceb-be64-c7c9a06ae124,ultimate.cfd,resell,,,high,low,8,"Global Domains International, Inc. DBA DomainCostClub.com",30/04/2021 23:14,30/04/2028 23:59,11/09/2026 22:50
e270f03c-e8e5-423f-9618-223df947266a,priestly.cfd,available,1.39,26.98,high,low,8,namecheap,,,21/08/2026 08:22
aa34e32c-2e10-493f-b775-40be53557dc8,clapping.cfd,available,1.39,26.98,high,low,8,namecheap,,,19/09/2026 20:57
19138c7c-5b7c-4703-bcde-3f3899e14c26,inhabitant.cfd,available,1.88,19.49,high,low,10,namesilo,,,24/09/2026 21:51
2eb95292-4e33-4d5d-a578-c228464c1943,writhing.cfd,available,1.39,26.98,medium,low,8,namecheap,,,13/09/2026 13:45
922cdf2d-09e2-4b47-9ce7-0445623cf8cb,slowness.cfd,available,1.49,,high,low,8,name.com,,,
35eafd4f-537e-440f-b2b8-c6c3f14b8c76,eased.cfd,available,,,high,low,5,,,,
519f1863-c122-4ece-ad51-739cf2ff8aee,insist.cfd,available,1.49,,high,low,6,name.com,,,
34b1a7df-27c1-4493-b2c8-0445782b7b98,donor.cfd,premium,384,768,high,low,5,namesilo,,,23/09/2026 10:42
f943d183-ad16-4227-a091-6edc0bad84c9,potbellied.cfd,available,1.39,26.98,medium,low,10,namecheap,,,
624556bf-69fe-43d0-b5ef-37624d6f6e30,armin.cfd,available,1.88,19.49,high,low,5,namesilo,,,20/09/2026 07:10
0310f27a-2c6e-4191-b045-effb03a32623,bereaved.cfd,available,1.39,26.98,low,low,8,namecheap,,,09/08/2026 15:03
2b8f4bc5-e985-4d37-bb0d-0b88350d96f3,july.cfd,premium,18.88,37.76,high,low,4,namesilo,,,
929a2fc1-c329-4854-a136-d314aa89b548,xcl.cfd,available,,,medium,low,3,,,,
b044148c-eb55-4f52-b17d-d16038dcaaa2,overweight.cfd,available,1.39,26.98,high,low,10,namecheap,,,18/08/2026 08:04
9a247f26-1a81-456d-86f1-7627ed2873cf,from.cfd,premium,384,768,high,low,4,namesilo,,,08/09/2026 08:57
a65e6406-b705-41d0-a3b3-390d48aa2da6,wanted.cfd,premium,390,780,high,low,6,namecheap,,,23/09/2026 14:03
cf2e4a5f-dc91-437a-b3a8-5c890368ce26,georgian.cfd,premium,46.61,94.8,high,low,8,namesilo,,,18/08/2026 22:37
b2e80c1a-d16a-448b-9695-ee8fafb32698,caucasian.cfd,premium,192,384,high,low,9,namesilo,,,11/08/2026 22:16
fb5e4eb4-20b6-4646-b574-fea2e01908d2,hail.cfd,premium,384,768,high,low,4,namesilo,,,16/09/2026 22:38
bdaedfb0-494b-4a8f-b85b-0a751ce82269,richmond.cfd,premium,37.76,76.16,high,low,8,namesilo,,,
e772dca3-4d48-4c0f-babf-5efaa9f6e4dc,gawky.cfd,available,1.39,26.98,medium,low,5,namecheap,,,12/08/2026 13:06
8992043d-24df-4c5b-a3fa-16c421c27b3a,banal.cfd,available,1.88,19.49,medium,low,5,namesilo,,,22/09/2026 16:37
db918fb0-c4fa-4dc7-995b-feb023d9658a,citizens.cfd,premium,384,768,high,low,8,namesilo,,,18/09/2026 15:13
cec29895-07bc-4510-b742-fb393e16556a,trades.cfd,premium,384,768,high,low,6,namesilo,,,25/09/2026 14:51
edcd3906-2233-4e6e-91a7-fc40bbfcc1ac,realized.cfd,available,1.39,26.98,high,low,8,namecheap,,,23/09/2026 17:28
5e9de6c2-12bf-4788-98d2-1e3caa58768e,birken.cfd,available,1.39,26.98,high,low,6,namecheap,,,10/08/2026 06:03
75566d48-1850-400e-b62b-b388ffe81861,adjustor.cfd,available,1.88,19.49,medium,low,8,namesilo,,,17/09/2026 08:34
b63e76cd-f32d-4c14-97c3-a7456ed89058,adaptable.cfd,available,1.88,19.49,high,low,9,namesilo,,,21/09/2026 16:52
28be6444-78bf-4bb9-93f7-1381b5a4bf89,obviously.cfd,available,1.49,,high,low,9,name.com,,,
4f87a110-6b6c-4b57-bd29-1efb61d6f86a,separation.cfd,premium,20.8,83.2,high,low,10,namecheap,,,
9f831ae1-05fe-4fc4-87d8-7c334a784760,transient.cfd,available,1.88,19.49,high,low,9,namesilo,,,24/09/2026 14:26
a8c0e408-ba89-4008-ba74-17342112f7d4,lucent.cfd,available,,,high,low,6,,,,
05a0ca02-34c6-467c-ab90-7280ac9be8c5,yuck.cfd,premium,18.88,37.76,high,low,4,namesilo,,,
afa4198d-3f39-45ad-9be6-50ea29465b67,obsequious.cfd,available,1.39,26.98,medium,low,10,namecheap,,,10/08/2026 19:44
4413eec9-c587-4382-9779-15fb57beb3b7,softly.cfd,available,1.49,,high,low,6,name.com,,,
6f94fc0d-d112-4c69-9470-e899f7f34fe6,crepuscle.cfd,available,1.39,26.98,medium,low,9,namecheap,,,11/09/2026 21:50
be4d9ee7-d6d7-492c-ab2c-e0381c37c076,identified.cfd,available,1.88,19.49,high,low,10,namesilo,,,25/09/2026 07:25
5d51f334-cae1-4142-b980-1eb953d02c58,juristic.cfd,available,1.39,26.98,medium,low,8,namecheap,,,22/08/2026 14:37
42d9b9c0-fb8b-4a09-9184-50328bf2a290,extremely.cfd,available,1.49,,medium,low,9,name.com,,,
c3eb1040-e48c-4064-a253-b46354473fe8,spattered.cfd,available,1.99,31.99,medium,low,9,name.com,,,13/08/2026 15:15
fd7b1cdb-010f-45ee-983e-9c8ced97e310,movable.cfd,available,1.39,26.98,high,low,7,namecheap,,,25/08/2026 08:56
c92fbc73-788c-452e-879c-21a230fbc3b3,everbody.cfd,available,1.49,,medium,low,8,name.com,,,
16c33470-f5e4-417f-8037-a3b5e20e1f57,refrigerator.cfd,premium,18.88,37.76,high,low,12,namesilo,,,
985194a0-b2c2-4ddf-8021-dc7a527f5294,apricot.cfd,premium,74.75,149.5,high,low,7,namecheap,,,19/09/2026 22:31
28c16a26-ea54-4ae7-9110-c809a544f614,regional.cfd,premium,37.76,76.16,high,low,8,namesilo,,,
09d8c01f-e724-49a1-9a80-bd2c67b42c8c,aves.cfd,premium,46.61,94.8,high,low,4,namesilo,,,21/09/2026 09:17
97808bae-9d0e-4f34-9178-ab50ed1ccc9c,drippage.cfd,available,1.39,26.98,medium,low,8,namecheap,,,14/09/2026 14:34
10f3b7c6-a861-4434-aaf1-5264005fc610,cadmium.cfd,available,1.39,26.98,high,low,7,namecheap,,,11/08/2026 22:59
0ef98c6e-8dd5-47b8-a7e0-590aa595808c,mccarthy.cfd,premium,46.61,94.8,high,low,8,namesilo,,,25/09/2026 08:04
25bec64e-0f95-48d8-8da2-a2593aefc1d7,binomial.cfd,available,1.39,26.98,high,low,8,namecheap,,,10/08/2026 00:30
7179a334-c589-404e-9f51-fed0a89542e9,cheer.cfd,premium,384,768,high,low,5,namesilo,,,24/09/2026 14:09
c501b483-391d-450d-8f09-fccdf0da8d09,squarish.cfd,available,1.39,26.98,medium,low,8,namecheap,,,10/09/2026 17:29
68a4305c-222e-4b8d-879e-45534f4e4a51,americas.cfd,available,1.49,,high,low,8,name.com,,,
889a6a2f-be8c-42e6-805f-b6809c955b50,coulomb.cfd,available,1.39,26.98,medium,low,7,namecheap,,,18/09/2026 23:08
9e218363-9530-4c3a-93a4-25f5373f73ec,barbershop.cfd,premium,384,768,high,low,10,namesilo,,,22/09/2026 04:52
149ebd20-e310-4737-9528-32cd29505aee,simpson.cfd,premium,329.6,659.2,high,low,7,namesilo,,,
f7c93b30-8d92-4466-9b4f-31a378819dcd,overfed.cfd,available,1.39,26.98,medium,low,7,namecheap,,,04/09/2026 20:33
865c74b7-ed7d-4310-9193-50202b632f70,treeless.cfd,available,1.39,26.98,medium,low,8,namecheap,,,11/09/2026 19:10
02c84b7f-2b9a-42a5-8649-7f47926e1723,sublunary.cfd,available,1.39,26.98,medium,low,9,namecheap,,,12/08/2026 08:28
f28214e3-cb45-4aef-ab4c-7a6b49d6f867,autograph.cfd,premium,68.43,147.2,high,low,9,namesilo,,,21/09/2026 06:37
f28339c0-49f0-4135-b1fc-599ca14acdf6,bambino.cfd,premium,68.43,147.2,high,low,7,namesilo,,,22/09/2026 00:39
99624b4d-e0a4-4d98-9ca6-386901f71b82,exit.cfd,premium,22.4,44.8,high,low,4,namecheap,,,
fc39692b-5125-46f8-a900-ccee601bb302,daredevil.cfd,available,1.99,31.99,high,low,9,name.com,,,13/08/2026 17:43
5337f692-0a9e-4703-95ac-1ca40e82f0cc,account.cfd,premium,384,768,high,low,7,namesilo,,,23/09/2026 08:11
c4803f74-637b-41d1-89f0-21b40b3227a8,retirement.cfd,premium,37.76,76.16,high,low,10,namesilo,,,
c7648371-79ac-48c8-9a74-a2ed212c82f3,abrader.cfd,available,1.88,19.49,medium,low,7,namesilo,,,16/09/2026 16:48
eadb89b8-38e3-4eef-9c97-1a3314fc1b8b,homegrown.cfd,premium,68.43,147.2,high,low,9,namesilo,,,21/08/2026 10:59
5abce233-b1ca-4cd3-9ab8-ba7b63111348,cook.cfd,premium,329.6,659.2,high,low,4,namesilo,,,
7327b31b-4bff-4dcf-8ea7-f83f5fe2c4e3,dyslexic.cfd,available,1.39,26.98,medium,low,8,namecheap,,,14/08/2026 22:03
f495d57c-4238-487e-8fdc-f8d07a20cbaf,anole.cfd,available,1.39,26.98,medium,low,5,namecheap,,,18/09/2026 19:28
dfd009ec-fd2f-4361-899e-cec727972849,wilhelm.cfd,premium,74.75,149.5,high,low,7,namecheap,,,25/09/2026 18:53
0adb101d-f79b-4269-b74a-b1278c3165a9,colourize.cfd,available,1.39,26.98,medium,low,9,namecheap,,,12/08/2026 17:40
4f80e59a-2f43-4a80-85ac-bff075bfc72c,zinc.cfd,premium,384,768,high,low,4,namesilo,,,20/09/2026 22:44
44440ac5-cef5-4658-9386-d7b3c07726b1,turquoise.cfd,premium,384,768,high,low,9,namesilo,,,19/09/2026 22:52
3f23d493-3b4f-4dd5-a69d-9651ac1f4628,abnegation.cfd,available,1.39,26.98,medium,low,10,namecheap,,,16/09/2026 16:16
ea958e0c-e27c-4f17-a3f5-321aaa4b248d,knitted.cfd,available,1.39,26.98,high,low,7,namecheap,,,22/08/2026 16:27
3c029205-7d31-4108-be45-645d6c423e9f,doped.cfd,available,1.39,26.98,medium,low,5,namecheap,,,14/08/2026 15:59
fbeba455-7a75-48a9-9e46-f4f0b30b3cd3,medium.cfd,premium,384,768,high,low,6,namesilo,,,25/09/2026 10:31
342c6883-38c4-4a72-9bc3-612a5be0458e,neighbourhood.cfd,available,1.88,19.49,high,low,13,namesilo,,,17/09/2026 15:31
2d459088-f1f7-4604-8250-3617964cd5db,qualifier.cfd,available,1.49,,high,low,9,name.com,,,
a2834888-64f5-47f5-81f6-9076fecd094e,blister.cfd,available,1.99,31.99,high,low,7,name.com,,,24/09/2026 05:20
f9bb6b47-7f29-467f-9da8-a11e82070612,anemone.cfd,available,1.88,19.49,high,low,7,namesilo,,,19/09/2026 05:19
14bf29ca-c909-47ee-9079-509af4ad1c9a,queried.cfd,available,1.88,19.49,medium,low,7,namesilo,,,20/09/2026 15:21
3ff056d8-783a-43d9-b7cb-8a8c3fc38150,rolled.cfd,available,1.39,26.98,high,low,6,namecheap,,,18/08/2026 18:46
6f637f6d-463e-4067-8f90-49d1a708cf36,morley.cfd,premium,384,768,high,low,6,namesilo,,,25/09/2026 05:08
104f9b84-d0a8-4910-a611-f61a3f19c3a0,crustacean.cfd,available,1.39,26.98,high,low,10,namecheap,,,13/08/2026 09:19
0448d6b6-0d13-44ab-91bf-e8e5179e178b,rangy.cfd,available,1.39,26.98,medium,low,5,namecheap,,,18/08/2026 20:13
0f4b87f8-f85e-41ff-b796-624d6facdba0,rescue.cfd,premium,165.12,330.24,high,low,6,namesilo,,,
20aab394-fdb7-4186-8a94-ed4562a94501,amendment.cfd,available,1.39,26.98,high,low,9,namecheap,,,18/09/2026 18:38
41855b38-7187-4b49-9c22-a63261a80816,actin.cfd,available,1.88,19.49,medium,low,5,namesilo,,,17/09/2026 04:37
161c5fe8-de4f-4715-8210-7df74e96f8f1,carols.cfd,premium,390,780,medium,low,6,namecheap,,,17/09/2026 18:54
f155223b-f8dd-4051-9523-b802e3398979,barbuda.cfd,available,1.88,19.49,medium,low,7,namesilo,,,22/09/2026 05:04
8ca66d1c-50d5-4bb2-b204-f1e29d5e3175,ballup.cfd,available,1.88,19.49,medium,low,6,namesilo,,,21/09/2026 23:27
a2cd10df-2fa0-4bd3-9e84-5247068d40be,legitimate.cfd,available,1.39,26.98,high,low,10,namecheap,,,22/08/2026 23:04
5bc1c87a-bc7d-406b-be60-ce1c076dc7b7,downstair.cfd,available,1.39,26.98,medium,low,9,namecheap,,,14/08/2026 17:57
ac8fa2cf-5906-43d4-bed2-1e326a900bbe,machine.cfd,premium,384,768,high,low,7,namesilo,,,25/09/2026 02:55
29a71932-37e4-4abd-9d47-515a3412a1cb,dig.cfd,premium,562.5,750,high,low,3,name.com,,,24/09/2026 23:51
46a4accb-f493-4498-bce2-e917fe4fc842,proximo.cfd,available,1.39,26.98,medium,low,7,namecheap,,,09/09/2026 04:40
69e7f9d1-b5ac-44bf-9e4c-0c5bee8fc735,antipodean.cfd,available,1.39,26.98,medium,low,10,namecheap,,,
64ee8e65-be9a-4b5f-8712-77b944c1c51b,plaguy.cfd,available,1.39,26.98,medium,low,6,namecheap,,,
bbe27981-564f-44b0-99da-06f12cbdedfa,myalgic.cfd,available,1.39,26.98,medium,low,7,namecheap,,,03/09/2026 11:57
8b38c3bc-8e65-4d5b-b773-473f480d7f93,pebbly.cfd,available,1.39,26.98,medium,low,6,namecheap,,,20/08/2026 18:47
46cc5162-2a6c-44f8-8335-2affef7ab8ed,lifted.cfd,available,1.39,26.98,high,low,6,namecheap,,,23/08/2026 02:39
c60453b4-a112-466e-84de-94480640ef8c,shrubby.cfd,available,1.39,26.98,medium,low,7,namecheap,,,18/08/2026 17:15
e67a2b6d-9e77-462b-9876-32d5e5600329,exempt.cfd,available,1.39,26.98,high,low,6,namecheap,,,17/08/2026 17:02
134eeefd-b1ad-4d41-b443-d573adb7246f,cocky.cfd,premium,384,768,high,low,5,namesilo,,,12/08/2026 15:02
c3517fdf-6a2e-46db-995e-fb16b1445454,sandhopper.cfd,available,1.88,19.49,medium,low,10,namesilo,,,22/09/2026 18:44
563b8104-2772-4d4f-9315-6b0d6456f76d,jabiru.cfd,available,1.88,19.49,medium,low,6,namesilo,,,23/09/2026 23:50
862d2e98-246a-454e-b47c-c2b2377cbbbb,monthly.cfd,premium,74.75,149.5,high,low,7,namecheap,,,25/09/2026 21:36
d99d8ca4-08fa-4895-af16-ea44222c468f,unblended.cfd,available,1.39,26.98,medium,low,9,namecheap,,,12/09/2026 02:12
8f5c5781-5d8f-4ef7-b6f0-80fab86dda66,wilmington.cfd,premium,51.35,102.7,high,low,10,namecheap,,,25/09/2026 11:01
6c0e16d2-e80f-463f-8be1-288cf894c388,vehicles.cfd,premium,68.43,147.2,medium,low,8,namesilo,,,16/09/2026 11:23
17e4113f-6763-4af0-944d-74c0ddda8a34,sliced.cfd,available,1.88,19.49,high,low,6,namesilo,,,23/09/2026 14:26
4c9fde18-e23e-497c-8e7c-bb6cbdef2462,satellite.cfd,premium,68.43,147.2,high,low,9,namesilo,,,09/09/2026 21:34
46ea1c4f-3381-4252-a80a-21453746542b,clxx.cfd,premium,11.8,23.6,medium,low,4,namesilo,,,
00f0d538-45a0-40cf-a1c9-4ef96a51a7b8,sands.cfd,premium,384,768,high,low,5,namesilo,,,24/08/2026 07:38
10b41cc2-c20f-4e4c-93f3-0e5b29458100,frumpy.cfd,available,1.39,26.98,medium,low,6,namecheap,,,18/08/2026 17:06
0d08bfb6-699d-4798-9ee8-973f755e7509,conflicted.cfd,available,1.49,,medium,low,10,name.com,,,
a9f14cd3-3e5b-4962-a053-36dd1906b289,swoosh.cfd,premium,384,768,high,low,6,namesilo,,,11/09/2026 05:52
dc8c76e5-8201-4c67-9800-6eb6cbeda9d6,phases.cfd,available,1.88,19.49,medium,low,6,namesilo,,,18/09/2026 14:38
8c4db212-9f46-4d40-8c13-b34b7afbd9cc,take.cfd,premium,18.88,37.76,high,low,4,namesilo,,,
2bc69b48-f05c-474d-b05b-bbf3e6a5ea70,unquiet.cfd,available,1.39,26.98,medium,low,7,namecheap,,,12/09/2026 17:40
55064e65-baf5-406a-84bc-278ad4eea95a,minecraft.cfd,premium,44.8,89.6,high,high,9,namecheap,,,
7a72c698-4694-48a6-b2b9-3e01907fbb6a,rockbound.cfd,available,1.39,26.98,medium,low,9,namecheap,,,09/09/2026 18:10
74bc1010-3fb1-4af1-998e-23ca5fe67538,skateboarding.cfd,premium,80.5,161,high,low,13,namecheap,,,
de3f7b95-2f29-422e-9849-d1e31871d94b,eureka.cfd,premium,384,768,high,medium,6,namesilo,,,24/09/2026 17:33
6eaa90b6-57e7-4ce5-a498-3187df66ca7c,greater.cfd,premium,74.75,149.5,high,low,7,namecheap,,,20/08/2026 19:38
fbbe7bf6-803a-4052-afd4-0e39ab5ed999,eolian.cfd,available,1.39,26.98,medium,low,6,namecheap,,,
784ea966-4cdc-44f3-8e42-b5c2045350f0,crow.cfd,premium,46.61,94.8,high,low,4,namesilo,,,11/08/2026 00:56
734225e9-e77a-466d-b78a-e2628f5cc416,punched.cfd,available,1.39,26.98,medium,low,7,namecheap,,,19/09/2026 01:53
50e695a3-17ee-478d-8f37-fb74adc77f7d,cropped.cfd,available,1.39,26.98,high,low,7,namecheap,,,13/08/2026 07:53
e3729314-60ce-4018-a65c-ffbc786abc88,joseph.cfd,premium,195,390,high,low,6,namecheap,,,24/09/2026 14:32
ce8acccd-09f3-489f-9010-cf662b590e77,downpour.cfd,available,1.88,19.49,high,low,8,namesilo,,,24/09/2026 16:02
0dcea9b8-2e3a-450d-b083-dcb5b758fac0,jacks.cfd,premium,165.12,330.24,high,low,5,namesilo,,,
138c787b-07f8-4122-8d94-466e956c67ce,irons.cfd,premium,165.12,330.24,high,low,5,namesilo,,,
3e6d1c99-ee0d-4fd5-9a8e-d0b6605c7875,jonathan.cfd,premium,46.61,94.8,high,low,8,namesilo,,,25/09/2026 08:03
19b40d41-c8b0-4a80-8a21-82062cf4a528,lepanto.cfd,available,1.88,19.49,medium,low,7,namesilo,,,22/09/2026 15:21
00a901d2-da9a-4d7f-9952-99e96d1b88c0,fogy.cfd,premium,11.8,23.6,medium,low,4,namesilo,,,18/08/2026 13:08
2234da7a-0444-46e8-9325-d8bc57b1a0ff,makes.cfd,premium,384,768,high,low,5,namesilo,,,16/09/2026 09:30
7ec5d817-5334-47f3-b37f-acc2382342a4,victory.cfd,premium,68.43,147.2,high,low,7,namesilo,,,25/09/2026 10:56
ca3c4b4c-9226-44a2-b0cd-6b97ab874a40,sex.cfd,premium,329.6,659.2,high,medium,3,namesilo,,,
83e7bb2d-b079-48a4-a7c9-0da3259f1e14,nevus.cfd,available,1.39,26.98,medium,low,5,namecheap,,,23/09/2026 21:15
d3f49a01-0459-43ff-93a7-78c0dc7aee0a,lingually.cfd,available,1.39,26.98,medium,low,9,namecheap,,,15/09/2026 12:28
02d85898-817a-4d00-a110-82e8df920325,threatening.cfd,available,1.49,,high,low,11,name.com,,,
fe30d6f0-bce6-4613-99f4-b8370c0fe72a,undefeated.cfd,premium,192,384,high,low,10,namesilo,,,12/09/2026 07:12
96e768d5-7e37-4763-953f-124202f97b2f,proverbial.cfd,available,1.39,26.98,high,low,10,namecheap,,,09/09/2026 04:32
68e94cea-6467-48c7-a74d-840582160437,closely.cfd,available,1.49,,high,low,7,name.com,,,
fb2d2e43-3146-4d1c-8620-06e0f89c6654,battle.cfd,premium,390,780,high,low,6,namecheap,,,22/09/2026 14:39
5b1439eb-1011-4c0f-bf2d-7aaae27ada31,welsh.cfd,premium,384,768,high,low,5,namesilo,,,11/08/2026 15:44
056e7ecc-4064-489e-8442-4420a83e12d3,avon.cfd,premium,329.6,659.2,high,low,4,namesilo,,,
f17a02a3-621a-4cc4-8c9c-c35373d5cca6,drawn.cfd,available,1.39,26.98,high,low,5,namecheap,,,23/09/2026 12:57
817b8294-52ac-4162-8262-771289c7bcab,algonquin.cfd,premium,192,384,high,low,9,namesilo,,,
8297c7f8-6ac0-4908-8665-c67255909336,polyatomic.cfd,available,1.39,26.98,medium,low,10,namecheap,,,08/09/2026 23:10
5fa69f42-544d-426d-8e24-99828a0114f2,condolences.cfd,available,1.49,,medium,low,11,name.com,,,
66a25281-3803-4f93-a92a-53669a2e5fe1,poignant.cfd,available,1.39,26.98,high,low,8,namecheap,,,
1432ea94-0948-4134-bf53-d092515c1790,bayesian.cfd,available,1.39,26.98,medium,low,8,namecheap,,,09/08/2026 03:13
4b9e6526-5981-4d4a-b31b-32149ecabece,blueish.cfd,available,1.39,26.98,medium,low,7,namecheap,,,22/09/2026 22:51
fd53490c-07cb-4733-b8a5-8f18d6046770,rep.cfd,premium,76.76,165.12,high,low,3,namesilo,,,
966a1f62-b120-4840-ba53-4c34d24dd83c,clinically.cfd,available,1.49,,medium,low,10,name.com,,,
d1b72a93-f07e-4813-878d-7852d6e16115,prurient.cfd,available,1.39,26.98,medium,low,8,namecheap,,,24/08/2026 11:58
b2aa5579-010e-499f-98af-1d0a052e42e7,winning.cfd,premium,68.43,147.2,high,low,7,namesilo,,,24/09/2026 17:37
32ba1304-b124-4c27-b85e-12992d0f46ec,textbook.cfd,premium,74.75,149.5,high,low,8,namecheap,,,23/09/2026 13:09
8ed5c04f-75a3-4a3b-89c4-10262373e362,november.cfd,premium,37.76,76.16,high,low,8,namesilo,,,
d4956a58-5a3c-4864-b665-d711a8047425,annulate.cfd,available,1.39,26.98,high,low,8,namecheap,,,
28173177-e01e-4ba3-8276-03c4ddd527da,staid.cfd,available,1.39,26.98,medium,low,5,namecheap,,,10/09/2026 01:34
5aae23c3-67f9-4740-9e73-dde5ca6dd13a,isometric.cfd,available,1.39,26.98,high,low,9,namecheap,,,22/08/2026 11:10
2966bcd6-e473-47c3-9101-fc18a128bfbb,shelf.cfd,premium,165.12,330.24,high,low,5,namesilo,,,
29fd995b-a9d3-403e-80e7-7e548fdc01b9,subsidiaries.cfd,available,1.88,19.49,medium,low,12,namesilo,,,20/09/2026 06:35
2810737e-7aa5-4b84-a3cb-ea8e9a41adab,greg.cfd,premium,329.6,659.2,high,low,4,namesilo,,,
4c588ce2-b7e2-4365-b199-85c82c87e1cc,heidelberg.cfd,premium,384,768,high,low,10,namesilo,,,25/09/2026 16:09
2540865f-c66a-45aa-8336-e0b85e95aa0f,america.cfd,premium,165.12,330.24,high,low,7,namesilo,,,
7e03a48b-dd25-41e8-957b-16f1ad19a1bb,earnestly.cfd,available,1.39,26.98,high,low,9,namecheap,,,14/09/2026 14:58
05ae779f-c9de-4e7f-932d-80659f6a648b,stoutness.cfd,available,1.39,26.98,medium,low,9,namecheap,,,04/09/2026 22:03
cae319f4-9cbe-4ad9-b062-dbd1e3cc6ff9,leonine.cfd,available,1.39,26.98,medium,low,7,namecheap,,,22/08/2026 23:57
1c319c4b-4e67-45f3-b9e2-55aaa0d92f92,bahai.cfd,premium,384,768,high,low,5,namesilo,,,08/08/2026 08:27
96e5a0aa-c0f1-413a-903c-1c32073ed419,advert.cfd,premium,165.12,330.24,high,low,6,namesilo,,,
7c58ac09-860a-4325-8f4f-ab77a6da74d4,projection.cfd,premium,192,384,high,low,10,namesilo,,,22/08/2026 14:54
87c64351-aedc-4751-a98e-43a7d45e90b4,ashtray.cfd,available,1.88,19.49,high,low,7,namesilo,,,20/09/2026 14:02
1eddc418-ee28-4263-b556-4f8a06b8d772,pronto.cfd,premium,384,768,high,medium,6,namesilo,,,15/09/2026 21:44
1b2c3aad-1f4b-4969-bed0-5de7ac3ca1e4,fortuitous.cfd,available,1.39,26.98,high,low,10,namecheap,,,18/08/2026 12:43
31b78283-c6ad-4206-a5af-2aad4e5f9f01,breast.cfd,premium,384,768,high,low,6,namesilo,,,24/09/2026 08:29
12ded566-d04a-4b13-98e6-1422dd434108,pestering.cfd,available,1.39,26.98,medium,low,9,namecheap,,,
ee43f315-a456-4160-9dbe-3a57aecf9678,pillowcase.cfd,available,1.49,,high,low,11,name.com,,,
8a6bc027-f400-4064-bbb9-da35489f2c9f,trading.cfd,premium,329.6,659.2,high,low,7,namesilo,,,
1080bde1-ac19-4570-8ea5-dd508aefc892,antilles.cfd,available,1.88,19.49,high,low,8,namesilo,,,19/09/2026 14:37
17814d05-a84a-4ad8-9ee9-edc3dece7488,artaxerxes.cfd,available,1.88,19.49,medium,low,10,namesilo,,,20/09/2026 10:06
200e52e4-bc4b-4743-97ac-804932524723,feudal.cfd,available,1.39,26.98,medium,low,6,namecheap,,,18/08/2026 02:58
7780476c-f3b6-4bfa-abca-1bc776f829fc,hawkish.cfd,available,1.39,26.98,medium,low,7,namecheap,,,21/08/2026 01:38
04722d31-31ae-42c6-be2e-024e2ad9d05a,chatham.cfd,premium,68.43,147.2,medium,low,7,namesilo,,,25/09/2026 15:25
1755e723-b998-410c-8e61-7fd7a75cf75a,riled.cfd,available,1.39,26.98,medium,low,5,namecheap,,,
496806d7-fd0b-465e-9358-cebc1a39c8cf,roof.cfd,premium,18.88,37.76,high,low,4,namesilo,,,
b2d47d76-6b46-4baa-bf50-b90c4c11fa44,historic.cfd,premium,68.43,147.2,high,low,8,namesilo,,,21/08/2026 09:51
9a0d71a0-8bf3-4e1a-95fb-93b593eccd30,cage.cfd,premium,11.8,23.6,high,low,4,namesilo,,,22/09/2026 14:36
0e18d80b-2c45-44ad-92dc-5cc636b96cb2,shaggy.cfd,available,1.39,26.98,high,low,6,namecheap,,,11/08/2026 11:17
4117750d-52e7-4690-a459-6064085b6bfa,summarizing.cfd,available,1.88,19.49,medium,low,11,namesilo,,,17/09/2026 10:36
79443fe2-c530-41a9-8f3f-0a3d74523bfb,pans.cfd,premium,13,26,medium,low,4,namecheap,,,18/09/2026 08:22
ecdc5137-3db5-4257-ad19-46e07c99db5e,biographic.cfd,available,1.39,26.98,high,low,10,namecheap,,,10/08/2026 01:58
8458b6ec-4ebb-4c88-a24f-05e2886a1051,jacket.cfd,premium,180.6,361.2,high,low,6,namecheap,,,
00debc31-a843-4328-8deb-dac2b260210d,mislaid.cfd,available,1.39,26.98,medium,low,7,namecheap,,,25/08/2026 01:30
decfc422-f4e3-4571-8e2c-e1e7ed56d3c3,instate.cfd,available,1.49,,medium,low,8,name.com,,,
238d8a6d-0be8-4981-b64f-c75aed7a09f0,amount.cfd,premium,384,768,high,low,6,namesilo,,,25/09/2026 05:06
01ca6e0a-67dd-4ca6-85af-8c17bbb9ab54,descendant.cfd,available,1.39,26.98,high,low,10,namecheap,,,14/08/2026 03:14
d1e3becd-37e6-4bce-8129-0b5d44d91a9e,kiss.cfd,premium,329.6,659.2,high,low,4,namesilo,,,
0a1f6625-bf69-4f41-ae2f-1c91e4806350,analogous.cfd,available,1.39,26.98,medium,low,9,namecheap,,,
35f6927d-86d2-4cad-8ac3-6a69f61dbb1d,poisoning.cfd,available,1.49,,medium,low,9,name.com,,,
3c2671b5-ce53-4a6c-bb0d-4e4d600fd7b5,thank.cfd,premium,165.12,330.24,high,low,5,namesilo,,,
d9548d40-eaf5-42f3-a476-882686b1dafe,ames.cfd,premium,46.61,94.8,high,low,4,namesilo,,,25/09/2026 12:32
c6e09b77-70cc-461d-a4c1-1b46b22a47c7,maladroit.cfd,available,1.39,26.98,medium,low,9,namecheap,,,24/08/2026 13:35
4787f4f1-efb7-419a-bd83-d8e1083051d6,anymore.cfd,available,1.49,,high,low,7,name.com,,,
a63e9d7b-b9b7-4448-b301-5b3a73618dbf,thoughts.cfd,premium,68.43,147.2,high,low,8,namesilo,,,16/09/2026 21:58
cfac4bb3-4326-45dd-80fd-57ac52c39c19,albee.cfd,premium,384,768,medium,low,5,namesilo,,,18/09/2026 02:31
3e4a98f3-8cc8-477d-9eb1-38bd246fad53,splurge.cfd,available,1.39,26.98,high,low,7,namecheap,,,23/09/2026 17:20
2ff28ac3-8c77-4d53-abe1-a21effd264c4,environment.cfd,premium,68.43,147.2,high,low,11,namesilo,,,23/09/2026 08:17
c80df904-821a-4f72-9918-79949ca8248d,impede.cfd,available,1.39,26.98,medium,low,6,namecheap,,,21/08/2026 09:28
ce55f5c9-d66d-40bb-a59f-6241e1c5c4a3,senior.cfd,premium,384,768,high,low,6,namesilo,,,21/09/2026 22:36
f94f9086-4a2b-4313-ac3e-8eaf25200dcd,alir.cfd,premium,11.8,23.6,medium,low,4,namesilo,,,17/08/2026 22:11
13acb435-1b19-4c77-b76e-d7ebe36b93da,pedant.cfd,available,1.39,26.98,medium,low,6,namecheap,,,09/09/2026 23:15
b7360b9a-8636-4113-b9b1-195dfe79edba,swiftly.cfd,available,1.49,,high,low,7,name.com,,,
c9465a40-e5a7-4fe5-af1d-34468a8b1c9c,infra.cfd,premium,384,768,high,low,5,namesilo,,,15/09/2026 08:17
ba6636f0-92a7-4875-8f45-8de14d8187c9,mated.cfd,available,1.39,26.98,medium,low,5,namecheap,,,24/08/2026 17:10
6df8d28c-a4b5-4112-9002-ebd1f00f9f9a,backbeat.cfd,available,1.39,26.98,high,low,8,namecheap,,,21/09/2026 14:59
9478c3b4-cd8a-41b6-8d03-1b9afcad3fb8,unadorned.cfd,available,1.39,26.98,medium,low,9,namecheap,,,11/09/2026 23:54
23f14889-b1b7-4ec1-bc6a-f6bfec45eed9,profile.cfd,premium,165.12,330.24,high,low,7,namesilo,,,
019186e8-3f7e-4d80-b1b4-dcc3dfbaa905,tonic.cfd,premium,390,780,high,low,5,namecheap,,,19/09/2026 16:01
6c17ce1b-63c1-4aa4-9847-cf95dbb55ce1,bentwood.cfd,available,1.88,19.49,medium,low,8,namesilo,,,23/09/2026 08:47
4693baa1-8dfd-4aa7-8bdc-cbc4e6b4b19b,conjoin.cfd,available,1.39,26.98,high,low,7,namecheap,,,13/09/2026 09:37
75da5e7d-ff0d-4ff1-b92f-53ba2fb4014e,solar.cfd,premium,384,768,high,high,5,namesilo,,,10/09/2026 13:31
ddd74a9c-7644-4cbc-9473-a141e2017190,bagatelle.cfd,available,1.39,26.98,medium,low,9,namecheap,,,21/09/2026 17:53
3debc439-eea1-480d-b366-91f3ea068614,furniture.cfd,premium,384,768,high,low,9,namesilo,,,20/09/2026 11:14
afb3e92a-c170-455d-9e3f-80513686099f,medically.cfd,available,1.39,26.98,medium,low,9,namecheap,,,15/09/2026 13:56
a716f30c-d68c-4649-95ab-89443a0426af,curious.cfd,premium,192,384,high,low,7,namesilo,,,24/09/2026 03:57
5c8cd549-790e-4670-9682-abfae762cb86,isosceles.cfd,premium,384,768,high,low,9,namesilo,,,22/08/2026 11:16
7426acbb-941e-4428-9657-f0f47bce3f11,pinioned.cfd,available,1.39,26.98,high,medium,8,namecheap,,,08/09/2026 19:45
7daf59ec-3e8b-4479-817c-41490f4cbb00,monkeys.cfd,available,1.88,19.49,medium,low,7,namesilo,,,17/09/2026 10:08
6b7210b8-77be-4331-86ad-cbf5b10bf2cc,worked.cfd,available,1.49,,high,low,6,name.com,,,
55fc1b63-db36-4971-b32f-a2fdc781b7be,upcountry.cfd,available,1.39,26.98,medium,low,9,namecheap,,,24/08/2026 22:37
0cf36f92-ffd9-4eae-b62c-de6dea4b9dd4,life.cfd,premium,384,768,high,medium,4,namesilo,,,25/09/2026 14:06
861afcec-e120-4a87-ab62-2337c3ae2185,wavelike.cfd,available,1.39,26.98,medium,low,8,namecheap,,,13/08/2026 06:56
63e748a4-b1df-4af8-8ff1-fdab3c9e9e77,tenfold.cfd,available,1.39,26.98,high,low,7,namecheap,,,14/08/2026 01:44
6d2cc1f1-1a2c-4656-8282-5ac5cc7a6ca4,armorial.cfd,available,1.39,26.98,medium,low,8,namecheap,,,06/08/2026 20:15
9eb7aa10-d1f2-42a3-aef8-ea2853aa73d0,pickaback.cfd,available,1.39,26.98,medium,low,9,namecheap,,,15/09/2026 19:48
314b9098-d108-4a19-a9cd-16e0f83fc6fa,mancunian.cfd,available,1.39,26.98,medium,low,9,namecheap,,,24/08/2026 14:36
b52ec95b-9345-4f5e-a5ac-0a9fba7ae777,annalist.cfd,available,1.88,19.49,medium,low,8,namesilo,,,19/09/2026 10:03
5650fbc1-27dc-4039-b114-b976baf51c09,unsullied.cfd,available,1.39,26.98,medium,low,9,namecheap,,,10/09/2026 18:19
9528e71b-2325-4a19-9e23-e75c2f2deb35,ruthless.cfd,premium,74.75,149.5,high,medium,8,namecheap,,,08/09/2026 20:06
6d5ad061-674e-433b-9b6c-66e9a457d428,anhydride.cfd,available,1.39,26.98,medium,low,9,namecheap,,,19/09/2026 08:24
bf3a72a0-d38d-41d0-9b2d-8e3b72bf52f0,jolson.cfd,available,1.88,19.49,medium,low,6,namesilo,,,18/09/2026 01:21
ac6fc280-5244-4a44-9f32-f1d5bf31b01d,rosaceous.cfd,available,1.39,26.98,high,medium,9,namecheap,,,09/09/2026 18:39
dbc84ab9-ca58-474c-92b9-7bebb659dc69,derived.cfd,available,1.39,26.98,high,low,7,namecheap,,,14/08/2026 03:07
7393a5a8-faf1-4963-822c-7bc58382d525,charger.cfd,premium,68.43,147.2,high,low,7,namesilo,,,22/09/2026 14:35
933bf9c3-037e-4f40-8f6b-c1ee3e183751,balloonist.cfd,available,1.88,19.49,high,low,10,namesilo,,,21/09/2026 23:14
88352aa9-5855-4eeb-b44c-9bed834301ad,dull.cfd,premium,46.61,94.8,high,low,4,namesilo,,,23/09/2026 00:25
eb05b5e3-9c14-474a-860d-33ecca768283,marang.cfd,available,1.39,26.98,medium,low,6,namecheap,,,20/09/2026 12:01
6661db8c-1bbd-43c1-b4c6-6080c47851ca,slippery.cfd,premium,68.43,147.2,medium,low,8,namesilo,,,10/09/2026 11:01
396468bc-f835-46d6-a94d-739a1ee37e95,newbie.cfd,premium,390,780,high,low,6,namecheap,,,24/09/2026 19:51
40197348-9c63-42c8-ad63-2cba7a47035d,kinsey.cfd,premium,384,768,high,low,6,namesilo,,,18/09/2026 06:26
a042cd85-8ec6-490a-8814-5bce21b68798,abbey.cfd,premium,46.61,94.8,high,low,5,namesilo,,,16/09/2026 14:25
9cb5b385-d09d-488e-98bb-0de731096fc6,woo.cfd,premium,390,780,high,high,3,namecheap,,,19/09/2026 13:15
816c7b56-c843-46ee-9bdd-4bec26c851bc,charitably.cfd,available,1.39,26.98,medium,low,10,namecheap,,,14/09/2026 06:19
647440bc-ba62-4c17-b8ba-8cd26ddfc10b,consulting.cfd,premium,329.6,659.2,high,low,10,namesilo,,,
33ad9a6f-946d-48b2-b315-b06a7d144287,connolly.cfd,premium,51.35,102.7,high,low,8,namecheap,,,25/09/2026 22:17
c9e88224-c422-4aae-a2f8-611964fc0f8c,manque.cfd,available,1.39,26.98,medium,low,6,namecheap,,,24/08/2026 15:28
77b55e02-bbfd-41a2-b95a-3d1c04d238d2,antido.cfd,available,1.39,26.98,medium,low,6,namecheap,,,19/09/2026 14:17
3be4d487-d1c2-4faf-9aa4-ac3b757d69ff,lymphatic.cfd,available,1.39,26.98,high,low,9,namecheap,,,24/08/2026 12:33
feb856ea-77cc-422f-9c5f-a83cd1aee22c,homesick.cfd,available,1.39,26.98,medium,low,8,namecheap,,,21/08/2026 11:13
433ac4f4-2468-4d7a-81f0-267aa74a4d0e,denial.cfd,available,1.49,,high,low,6,name.com,,,
d6331ae1-1e79-4715-91d8-338eb0606129,henderson.cfd,premium,390,780,high,low,9,namecheap,,,25/09/2026 19:30
bcca921b-75e1-44ba-a8a8-e06c54b522fa,roses.cfd,premium,390,780,high,low,5,namecheap,,,17/09/2026 21:17
75cd3a08-2b71-44f6-b486-3a7f2c525bd6,swimming.cfd,premium,68.43,147.2,high,low,8,namesilo,,,03/09/2026 12:48
2746d65a-ada2-4b6b-a959-146a835b5c3e,clovers.cfd,available,1.88,19.49,medium,low,7,namesilo,,,21/09/2026 06:52
a07d7889-c8af-4d38-8c40-1c4904d7042f,strenuous.cfd,available,1.39,26.98,medium,low,9,namecheap,,,10/09/2026 21:45
abd1f152-e9a4-49d2-acb9-8e2edbe78dc0,weighty.cfd,available,1.39,26.98,medium,low,7,namecheap,,,12/08/2026 15:37
9850c238-8e34-4e38-a496-48564fc4de85,mikey.cfd,premium,384,768,high,low,5,namesilo,,,
e958e523-adb3-4919-901e-ae83ac7d58f9,pitted.cfd,available,1.39,26.98,medium,low,6,namecheap,,,
a45c993a-6fe7-44a3-a0cc-b33e1b074b93,harmonised.cfd,available,1.39,26.98,high,low,10,namecheap,,,12/08/2026 22:52
2b173858-c5b4-48bd-9045-4b89c6bf1d83,reptilian.cfd,available,1.39,26.98,medium,low,9,namecheap,,,09/09/2026 14:40
5d7b2684-991d-4939-bff9-66df00838bee,stepped.cfd,available,1.39,26.98,high,low,7,namecheap,,,25/09/2026 18:05
08c55bb3-9cfc-43b5-8ed9-0b402aaeb81a,older.cfd,premium,384,768,high,low,5,namesilo,,,21/09/2026 22:32
53815b60-134a-4d3f-8536-13551c4b324f,swerve.cfd,premium,165.12,330.24,high,low,6,namesilo,,,
40c4be37-4fa4-484b-8dbf-6ca22ff47eba,diluvian.cfd,available,1.39,26.98,medium,low,8,namecheap,,,14/08/2026 07:51
86f2035e-5852-4341-a07a-588983179f7a,chicago.cfd,resell,,,high,low,7,,,,24/09/2026 14:26
0b0f1f1f-edf8-4141-b559-329716ec08e7,scrunch.cfd,available,1.39,26.98,medium,low,7,namecheap,,,13/08/2026 07:18
4d1c3eb9-6341-4aac-b18f-f247d407f318,flameproof.cfd,available,1.39,26.98,high,low,10,namecheap,,,18/08/2026 06:28
24d3f44f-289c-4b01-ae87-747f03ab764c,acrylic.cfd,available,1.88,19.49,high,low,7,namesilo,,,17/09/2026 04:05
084d116c-ca88-49c1-be41-273e99bae416,okra.cfd,premium,11.8,23.6,high,low,4,namesilo,,,16/09/2026 15:04
8a1089c7-b4e8-4143-ba02-01e5852a3871,student.cfd,premium,384,768,high,low,7,namesilo,,,25/09/2026 14:25
80aa1b0c-0dbc-4389-b8da-3b9aeff76dc6,cements.cfd,available,1.88,19.49,medium,low,7,namesilo,,,20/09/2026 09:07
79f39176-357c-4dc7-9e8d-c4a23d79790e,flips.cfd,premium,390,780,medium,low,5,namecheap,,,19/09/2026 20:33
459765f2-5df1-479d-8aca-197f02789db3,enchanting.cfd,premium,74.75,149.5,medium,low,10,namecheap,,,09/08/2026 18:21
d018a65d-68b9-4ee8-ac1e-8828555ebb49,avellan.cfd,available,1.39,26.98,medium,low,7,namecheap,,,07/08/2026 22:24
38f40f52-694d-4cf5-9527-e4dfd41583cd,meshing.cfd,available,1.39,26.98,high,low,7,namecheap,,,22/08/2026 08:10
83ade2ee-3953-45ec-b27c-f8db97059161,towed.cfd,available,1.49,,medium,low,5,name.com,,,
13e07ced-36d6-45b8-bbd2-62efb3b0248f,beowulf.cfd,available,1.88,19.49,medium,low,7,namesilo,,,23/09/2026 09:04
8e1a72fc-77ff-41d3-afb5-7f95db9ff03f,accented.cfd,available,1.39,26.98,medium,low,8,namecheap,,,
4bcfb148-69d9-4ce6-8523-db823a859eab,supple.cfd,premium,68.43,147.2,high,low,6,namesilo,,,23/08/2026 11:09
5e93eb58-e4e9-4425-8fec-6e057f08a64f,azt.cfd,premium,68.43,147.2,high,low,3,namesilo,,,21/09/2026 11:33
25db88bf-9da8-45f4-af79-5b91a8b467cf,church.cfd,premium,165.12,330.24,high,low,6,namesilo,,,
57493b93-a22b-4066-99f8-93bba79a4266,bang.cfd,premium,329.6,659.2,high,low,4,namesilo,,,
9d633a81-995c-409b-b4f1-70dc1defdd00,bellbird.cfd,available,1.88,19.49,medium,low,8,namesilo,,,23/09/2026 05:55
25af754e-a11f-44a5-a77f-c38ad4254cec,refine.cfd,premium,591.07,,high,low,6,"Global Domains International, Inc.",07/02/2025 00:07,07/02/2027 23:59,
8d538d36-3e60-488c-9948-45449b7f4856,barker.cfd,premium,384,768,high,low,6,namesilo,,,22/09/2026 06:27
851e8c34-9521-46ab-a97e-fa185d672a82,presumably.cfd,available,1.39,26.98,medium,low,10,namecheap,,,15/09/2026 21:20
62cefdba-b444-45d4-b62f-a55148a0d54b,dicey.cfd,available,1.39,26.98,high,low,5,namecheap,,,12/08/2026 01:44
d706fdbb-ddf5-4664-b836-cdd1793ea730,deafen.cfd,available,1.99,31.99,medium,low,6,name.com,,,13/08/2026 19:44
b099b4cb-5367-4be0-bca0-c1b762d35c3a,pitched.cfd,available,1.39,26.98,high,medium,7,namecheap,,,08/09/2026 20:03
923aeb2e-48dd-4737-b302-6d15d950b80a,sports.cfd,resell,,,high,medium,6,Dynadot Inc,21/04/2021 01:45,21/04/2027 23:59,25/09/2026 14:16
c04744ec-f62b-45cb-8b49-9c2d83c856b6,pedigree.cfd,available,1.39,26.98,high,low,8,namecheap,,,08/09/2026 13:15
307eac00-49d5-40b4-a968-0f189fcf6847,acute.cfd,premium,384,768,high,low,5,namesilo,,,21/09/2026 16:39
84ab6bec-0998-4d0f-94bf-f5dba5aa5541,waggon.cfd,available,1.39,26.98,high,low,6,namecheap,,,22/09/2026 19:02
ba0b62da-c491-4683-9f10-9f6e1a150d53,glide.cfd,premium,384,768,high,medium,5,namesilo,,,19/09/2026 16:45
2a6afa7d-3d30-4b5f-a249-ed7ea193182e,zhou.cfd,premium,46.61,94.8,high,low,4,namesilo,,,25/09/2026 22:14
810f755b-027f-4bda-a3ee-53e3c82d85f4,investment.cfd,premium,384,768,high,low,10,namesilo,,,25/09/2026 00:19
70f2d75a-d547-4d10-8126-3e619df3f902,inducive.cfd,available,1.39,26.98,medium,low,8,namecheap,,,22/08/2026 03:31
642d6537-c8ae-4cdc-9773-0a89211af8d1,beatable.cfd,available,1.39,26.98,medium,low,8,namecheap,,,09/08/2026 05:37
d20642e1-6b08-4a53-bba7-7e26dde1deb5,belly.cfd,premium,384,768,high,low,5,namesilo,,,16/09/2026 14:48
f40b24a0-d113-4255-9ae3-01116334a9a7,policy.cfd,premium,165.12,330.24,high,low,6,namesilo,,,
326a6839-6848-4386-9d08-a72cf0b23f63,prodigious.cfd,available,1.39,26.98,high,low,10,namecheap,,,12/08/2026 17:58
e5c1a4b8-6f72-47c0-b76a-6a6f0e0bc94b,baboon.cfd,premium,384,768,high,low,6,namesilo,,,21/09/2026 12:58
94b074dd-f7ad-434e-bbcb-e6cbb595ea86,succinctly.cfd,available,1.88,19.49,medium,low,10,namesilo,,,16/09/2026 07:34
f6226d6e-ce75-4902-9e9d-63b05ef40b8f,christmas.cfd,premium,384,768,high,low,9,namesilo,,,19/09/2026 22:13
54e82520-f929-4a32-9b5a-48343f1c56d6,thallium.cfd,available,1.88,19.49,medium,low,8,namesilo,,,20/09/2026 23:51
33c6f114-980e-4f08-b3a2-a192561c0da3,passports.cfd,available,1.39,26.98,medium,low,9,namecheap,,,20/09/2026 09:52
a8ad546d-cbb7-42cd-8438-b58ff81a4557,doings.cfd,available,1.88,19.49,high,low,6,namesilo,,,23/09/2026 03:17
a4448ca8-82e3-406a-8b2a-f7ac1c619ec9,codified.cfd,available,1.39,26.98,medium,low,8,namecheap,,,12/08/2026 15:19
4f3c73d3-4201-4265-8a0a-ef19f7834a38,motional.cfd,available,1.39,26.98,high,low,8,namecheap,,,25/08/2026 07:22
11ce829c-5139-467e-8547-c2c4cee84a4e,goodly.cfd,available,1.39,26.98,high,low,6,namecheap,,,20/08/2026 16:36
b33faa35-f360-4bc4-9227-dc80076ca5af,grandmother.cfd,premium,37.76,76.16,high,low,11,namesilo,,,
f38cb022-95ed-4efc-9d07-aca78f76c5ec,physically.cfd,available,1.88,19.49,high,low,10,namesilo,,,19/09/2026 14:53
7c0f87e8-ba14-49be-bb8c-8d78c3c5d60c,technically.cfd,available,1.88,19.49,high,low,11,namesilo,,,19/09/2026 04:54
fee06cd1-6c05-4a00-a25c-eee7bddaf1cf,cruel.cfd,premium,384,768,high,low,5,namesilo,,,22/09/2026 17:21
d511dbbe-504a-4cf4-9533-e6855dc26691,breathing.cfd,premium,68.43,147.2,high,low,9,namesilo,,,11/08/2026 03:18
7cdd2e1e-8e25-4da4-9494-7ae7c3c9284d,togged.cfd,available,1.39,26.98,medium,low,6,namecheap,,,11/09/2026 16:44
03790c2e-a4c3-4bd6-8377-cea647974802,aldose.cfd,available,1.88,19.49,high,low,6,namesilo,,,18/09/2026 04:38
a3ec7945-4482-428d-9728-8666c8a27220,topologic.cfd,available,1.39,26.98,medium,low,9,namecheap,,,11/09/2026 17:52
658d34a4-c7ae-4243-bd06-ddb55f928407,addin.cfd,available,1.88,19.49,high,low,6,namesilo,,,17/09/2026 06:37
210743af-76cd-416a-9d91-17b0e43dab06,humanities.cfd,premium,37.76,76.16,high,low,10,namesilo,,,
78b93ccd-41d6-408f-b05f-4c7e1ea9dd9e,parallel.cfd,premium,68.43,147.2,high,low,8,namesilo,,,
18a2a1f8-4dce-422a-a2b7-cf15ce783f3b,cosmogenic.cfd,available,1.39,26.98,medium,low,10,namecheap,,,13/08/2026 03:00
e3da4d16-9525-423a-aae1-d0a2adca6150,intimate.cfd,resell,,,high,low,8,"Global Domains International, Inc. DBA DomainCostClub.com",27/06/2023 03:38,27/06/2027 23:59,25/09/2026 10:27
5d5f4f2c-e976-4462-ac92-8645698e120b,irritation.cfd,available,1.39,26.98,high,low,10,namecheap,,,
f9e86cd9-54e6-4621-b845-c049698c6834,sesame.cfd,premium,390,780,high,low,6,namecheap,,,23/09/2026 08:27
ff2699d9-e18f-4131-a3e6-1c0aa8132846,guadalupe.cfd,premium,46.61,94.8,medium,low,9,namesilo,,,25/09/2026 15:36
687202fd-3a37-4aeb-8c92-b0e13a6f702d,unbearable.cfd,available,1.88,19.49,medium,low,10,namesilo,,,25/09/2026 10:28
b3be3511-bacd-426c-9d8d-b4ed1b31699d,archil.cfd,available,1.88,19.49,medium,low,6,namesilo,,,20/09/2026 02:06
0be4c483-58ce-489a-84a8-325f641acecd,wanton.cfd,available,1.39,26.98,medium,low,6,namecheap,,,25/08/2026 07:57
4ca2b16a-70be-4e7b-8ced-b6584bd4940a,hangout.cfd,premium,68.43,147.2,high,low,8,namesilo,,,
87a33f79-a928-44de-91be-7925b2a548b8,elfish.cfd,available,1.39,26.98,medium,low,6,namecheap,,,16/08/2026 03:41
e1cdfd2b-8770-42a5-b5d9-ad94385c385c,verifiable.cfd,available,1.39,26.98,high,low,10,namecheap,,,12/08/2026 20:51
e56dc9a4-1ff1-45eb-a6be-4ecf80b93744,indoor.cfd,premium,384,768,high,low,6,namesilo,,,16/09/2026 19:42
0c2b4115-e0f6-459b-b395-7134b7e9a226,why.cfd,premium,384,768,high,low,3,namesilo,,,25/09/2026 10:59
479c94fc-86b4-4df6-b3a2-faadbea3874d,computers.cfd,premium,68.43,147.2,high,low,9,namesilo,,,24/09/2026 02:05
c994fe63-27b7-44b5-becb-b6c485587bdb,papist.cfd,available,1.39,26.98,medium,low,6,namecheap,,,05/09/2026 01:35
a18e3bd4-ae87-45cb-aab2-a5b5a6408835,nailed.cfd,premium,384,768,medium,low,6,namesilo,,,18/09/2026 21:49
206adb7f-40ca-40ee-8991-a4c776bd85a5,westwood.cfd,premium,68.43,147.2,high,low,8,namesilo,,,
5ae6bd4c-936f-4aea-a2fe-9b3a064585af,faultless.cfd,available,1.39,26.98,high,low,9,namecheap,,,18/08/2026 00:05
3930ce8b-b2b8-430d-99b9-4062eb3f792a,analyze.cfd,premium,180.6,361.2,high,low,7,namecheap,,,
9f08cc65-a7b4-4cdc-bd73-9842422dfa2a,immune.cfd,premium,384,768,high,low,6,namesilo,,,25/09/2026 11:03
ddccf7fd-7128-402a-8b49-d52b82f858c5,scrimpy.cfd,available,1.39,26.98,medium,low,7,namecheap,,,24/08/2026 18:10
ca770ca3-235d-4da1-8665-23f372e76748,libyan.cfd,available,1.39,26.98,high,low,6,namecheap,,,23/08/2026 00:54
b1f86ea2-f4e7-4dfa-9585-f44f2404057b,babinski.cfd,available,1.88,19.49,medium,low,8,namesilo,,,21/09/2026 12:44
7cf3b932-b3d9-42f9-8e1a-271df95f796c,alleviator.cfd,available,1.39,26.98,high,low,10,namecheap,,,04/09/2026 23:48
eaa199e2-c0c2-4940-a9a1-c0acf52be8b7,toxicant.cfd,available,1.39,26.98,medium,low,8,namecheap,,,08/09/2026 22:42
1c33c115-0270-40bf-981b-1f38d61bcf26,aire.cfd,premium,11.8,23.6,high,low,4,namesilo,,,17/09/2026 23:06
1570c7c9-92ed-4eeb-a646-1e03b55b54d9,springlike.cfd,available,1.39,26.98,medium,low,10,namecheap,,,10/09/2026 16:53
075c0852-a1c4-48f9-9ea6-d93fb162b752,clothing.cfd,resell,,,high,low,8,"Global Domains International, Inc. DBA DomainCostClub.com",04/07/2023 12:16,04/07/2028 23:59,23/09/2026 08:13
3f3ec511-46eb-46e9-b330-9d1f1b4647c7,wad.cfd,premium,192,384,high,low,3,namesilo,,,25/08/2026 00:49
5b6c70c1-a145-4e61-8dda-0ee057cf6b36,attachment.cfd,available,1.49,,high,low,10,name.com,,,
4c3d8ce1-1eac-4e45-9dde-ca542f5639ab,belvedere.cfd,premium,51.35,102.7,high,medium,9,namecheap,,,22/09/2026 12:20
b2a29e75-6a48-4c1f-93ee-aa963b9be0b8,batch.cfd,premium,384,768,high,low,5,namesilo,,,25/08/2026 00:19
fb2a4753-3387-4266-861a-0cc6825d5adb,filetypes.cfd,available,1.39,26.98,low,low,9,namecheap,,,20/09/2026 01:57
d0a727d3-3a4b-411f-85d4-d9693daca04e,sixpenny.cfd,available,1.39,26.98,high,low,8,namecheap,,,10/09/2026 09:06
e87fbf94-83f1-437c-b1a0-f8220874cb93,assurance.cfd,premium,68.43,147.2,high,low,9,namesilo,,,20/09/2026 16:44
ad663d67-6aac-41f3-90d9-fc9ffad4fe9c,pizzeria.cfd,premium,37.76,76.16,high,low,8,namesilo,,,
3dfcc412-5d8c-4d7d-94aa-5a0533971b99,autopilot.cfd,premium,68.43,147.2,high,low,9,namesilo,,,21/09/2026 06:54
baa88e94-f576-4ba6-ab4e-b4bc8d70b2dd,university.cfd,premium,107.81,143.75,high,low,10,name.com,,,26/09/2026 00:46
e601734c-fcac-49e7-aa8a-9b6313723f6d,organic.cfd,resell,,,high,low,7,"NameCheap, Inc.",10/07/2024 17:00,10/07/2027 23:59,08/09/2026 11:55
3a1ad19c-31d4-4bca-aaeb-6397506e28e6,pecuniary.cfd,available,1.39,26.98,medium,low,9,namecheap,,,25/08/2026 04:35
5f780d36-6a8e-4d05-a976-7994982cda0a,incumbent.cfd,available,1.39,26.98,high,low,9,namecheap,,,22/08/2026 02:03
23b4bfa9-2f40-437e-b833-04fe0df8f280,branchless.cfd,available,1.39,26.98,medium,low,10,namecheap,,,11/08/2026 02:21
f84c3021-cb3e-4005-9698-47294d6e20b7,sponsor.cfd,premium,68.43,147.2,high,low,7,namesilo,,,18/08/2026 15:15
c4643dbe-d12b-4986-a613-d856ad21e4db,scholastic.cfd,premium,384,768,high,medium,10,namesilo,,,09/09/2026 23:13
36dd5f12-7970-443a-96eb-3ce6ab1379aa,rental.cfd,premium,384,768,high,low,6,namesilo,,,09/09/2026 14:17
adb6a578-7e7f-4262-9839-c304246ede9f,nihilist.cfd,available,1.39,26.98,medium,low,8,namecheap,,,19/09/2026 02:26
ab78cec2-e217-423b-b66d-54c638444139,complexly.cfd,available,1.39,26.98,medium,low,9,namecheap,,,14/09/2026 07:45
cb53e678-ea57-440c-afb5-687c90ce8631,slur.cfd,premium,11.8,23.6,medium,low,4,namesilo,,,20/09/2026 14:59
62e5036b-334c-4252-a0d5-3438ecddd515,voluminous.cfd,available,1.39,26.98,high,low,10,namecheap,,,13/08/2026 00:30
19d5d35a-29fa-49d4-8243-018641b14bd7,reduce.cfd,premium,390,780,high,low,6,namecheap,,,24/09/2026 08:28
91715bdc-8f7c-4ef3-8acd-99b2ba56465b,recommend.cfd,premium,37.76,76.16,high,low,9,namesilo,,,
2fa7ab81-d1a8-4ded-8987-17322dda762f,sales.cfd,premium,167.38,669.5,high,medium,5,namecheap,,,
0e713392-5a23-4c0f-a47c-a2773ead3ec5,ditto.cfd,premium,384,768,high,low,5,namesilo,,,24/09/2026 23:16
6f5dafca-6a14-442d-bc05-fcfcdec2e785,corporal.cfd,available,1.39,26.98,high,low,8,namecheap,,,13/08/2026 01:52
8d5a5acd-bb65-4ae8-ba3b-daa803127668,split.cfd,premium,384,768,high,low,5,namesilo,,,24/09/2026 11:30
4c2b29d4-a34e-41e2-a81d-f64f558b57b0,unisexual.cfd,available,1.39,26.98,high,low,9,namecheap,,,12/09/2026 13:54
e2e4ef77-a5cb-42f5-b6e3-e28144b8d531,idyllic.cfd,available,1.39,26.98,high,low,7,namecheap,,,21/08/2026 18:14
c51acb35-8b6f-4001-9913-86ef342b920b,christi.cfd,premium,74.75,149.5,medium,low,7,namecheap,,,25/09/2026 21:26
4a024d6b-7385-4f3e-aa14-e9318a98c109,aram.cfd,premium,11.8,23.6,high,low,4,namesilo,,,19/09/2026 23:55
0871acbb-695d-4584-b3cd-a08ae2ddcbf1,demand.cfd,premium,390,780,high,low,6,namecheap,,,24/09/2026 15:48
087da9d9-039e-4c72-b41a-e61db41671a0,skip.cfd,premium,384,768,high,low,4,namesilo,,,25/09/2026 07:30
3df5d0fe-4837-468e-a8bb-22067c06bbde,tommy.cfd,premium,562.5,750,high,medium,5,name.com,,,25/09/2026 11:48
c3fcec45-0380-45d7-adc8-e1bae4b05c62,snarl.cfd,premium,384,768,high,low,5,namesilo,,,24/08/2026 16:56
d39d3644-ecaa-4097-acdf-e15dba4884ae,occipital.cfd,available,1.39,26.98,high,low,9,namecheap,,,04/09/2026 00:11
f334dead-cb5a-4d9e-bf52-169607724121,conquer.cfd,premium,165.12,330.24,high,low,7,namesilo,,,
60d4773a-810c-4e2e-8c2a-cc2a369b880d,vertically.cfd,available,1.99,31.99,medium,low,10,name.com,,,16/09/2026 10:53
c529777f-63c7-4bc8-a5c7-62755dc09783,landward.cfd,available,1.39,26.98,medium,low,8,namecheap,,,15/09/2026 10:39
1c66bca0-c112-4d6e-be28-0bcb231e7c96,auckland.cfd,premium,192,384,high,low,8,namesilo,,,21/09/2026 02:39
024b06dc-3bb5-449d-9e8e-5db78e6efd0e,arbitrage.cfd,resell,,,high,low,9,,,,20/09/2026 00:42
96edb08b-5d52-4ca8-aa11-9ff0ce48b20d,laughable.cfd,premium,68.43,147.2,high,low,9,namesilo,,,23/09/2026 15:25
230602e1-8258-4226-a711-d242a575f771,whimsey.cfd,available,1.39,26.98,medium,low,7,namecheap,,,20/09/2026 00:43
92d40696-81ea-4b4b-8f2b-deb1c6159d7b,attila.cfd,available,1.39,26.98,high,low,6,namecheap,,,21/09/2026 01:47
2d611cf1-de6c-471d-9807-25e000fa9f3b,calamitous.cfd,available,1.39,26.98,medium,low,10,namecheap,,,11/08/2026 13:28
2fe25705-c07b-4c76-a3a9-22f8b31d389e,disagree.cfd,premium,37.76,76.16,high,low,8,namesilo,,,
fbba8473-0a1e-4101-9912-f309d77b08df,tanzanian.cfd,available,1.39,26.98,high,low,9,namecheap,,,11/09/2026 08:09
4582c786-a9ea-479d-8a7f-9ce1fc77070a,windup.cfd,available,1.39,26.98,high,low,6,namecheap,,,13/09/2026 12:18
cd64864c-d5cb-43f4-9676-d708eef07c38,hobby.cfd,premium,384,768,high,low,5,namesilo,,,21/09/2026 09:40
30136b8c-d899-4fd4-9a5e-6581766d6735,anciently.cfd,available,1.39,26.98,medium,low,9,namecheap,,,13/09/2026 19:42
be489280-2483-4124-ba0c-a325df163911,unexplored.cfd,available,1.39,26.98,high,low,10,namecheap,,,12/09/2026 09:42
a5f5d3c4-0e55-4525-b41c-6c689ff6de7b,libidinous.cfd,available,1.39,26.98,medium,low,10,namecheap,,,22/08/2026 20:09
77935459-a57d-4d73-8dd3-6598eecb2338,allegedly.cfd,available,1.39,26.98,high,low,9,namecheap,,,13/09/2026 19:04
770dd85e-c7c5-46c0-aef7-5000017cbe62,hitch.cfd,premium,384,768,medium,low,5,namesilo,,,20/08/2026 22:55
04c5f282-9d8a-4d8f-89ec-24a473e54976,glorious.cfd,resell,,,high,low,8,Dynadot Inc,02/12/2023 19:51,02/12/2026 23:59,20/08/2026 14:48
fa20572a-2ddb-4dc3-9225-f0b54552c782,characteristics.cfd,available,1.49,,medium,low,15,name.com,,,
f60ff07e-a490-40a5-9017-b1112c5f979f,supersize.cfd,available,1.49,,high,low,9,name.com,,,
e4b9d8b4-006d-4bbf-9497-e667cfdf9c62,discovery.cfd,premium,390,780,high,high,9,namecheap,,,24/09/2026 08:27
208050fc-0db9-4aae-b13d-276ce9ec417a,bassoon.cfd,available,1.39,26.98,high,low,7,namecheap,,,22/09/2026 12:33
14e18673-123b-4614-941d-0ba77bae637c,illegal.cfd,premium,68.43,147.2,high,low,7,namesilo,,,25/09/2026 07:45
a67df86c-f75e-49fc-b656-80130d249d2f,ambrosia.cfd,premium,46.61,94.8,high,low,8,namesilo,,,18/09/2026 17:26
d68c595f-fcbc-4cc5-ba25-aac61b3d8359,urge.cfd,premium,18.88,37.76,high,low,4,namesilo,,,
a951b7a2-c7f2-4a27-91d0-6b92cad4a0bb,requesting.cfd,available,1.88,19.49,medium,low,10,namesilo,,,16/09/2026 07:09
537fcd26-8e40-44a0-a4be-d2463959aa82,says.cfd,premium,46.61,94.8,medium,low,4,namesilo,,,
a08ccb89-344a-4e96-8f8a-9ab2487d7657,denary.cfd,available,1.39,26.98,medium,low,6,namecheap,,,13/08/2026 21:30
d9c6f522-1555-4e7a-a128-5fb3025f7386,german.cfd,premium,384,768,high,low,6,namesilo,,,18/08/2026 22:44
ba94b244-8dd4-4d38-9bb9-2b20c19c404b,holler.cfd,premium,384,768,high,low,6,namesilo,,,23/09/2026 00:27
be98ff04-4923-4cf1-9ab1-52a56f793d67,phantasma.cfd,premium,390,780,high,low,9,namecheap,,,08/09/2026 18:38
76716a5e-82f2-4e97-8339-1e3428855d31,bilingual.cfd,available,1.39,26.98,high,low,9,namecheap,,,09/08/2026 21:21
59f434ae-b776-467f-807e-cc240e5e07b6,stupidly.cfd,available,1.39,26.98,medium,low,8,namecheap,,,14/09/2026 13:43
00e5ee56-1fb2-45dc-bdca-56266185cf08,denny.cfd,premium,384,768,high,low,5,namesilo,,,25/09/2026 15:22
ff8464e8-8e06-4e68-b2fb-4796615ddf09,flag.cfd,premium,384,768,high,low,4,namesilo,,,25/09/2026 00:12
bd1fa8b5-7818-4957-bc5b-f7a11077bbff,airscrew.cfd,available,1.88,19.49,medium,low,8,namesilo,,,17/09/2026 23:17
f81dc8f8-c5ce-40db-8da9-e29ff88a6eab,cut.cfd,premium,384,768,high,low,3,namesilo,,,24/09/2026 04:08
89b4bb4c-2c3c-413a-b76f-bdec0b3245f0,finable.cfd,available,1.39,26.98,medium,low,7,namecheap,,,18/08/2026 04:28
0d270d8c-f33c-4cf8-9e53-a5172faaf728,sense.cfd,premium,165.12,330.24,high,medium,5,namesilo,,,
aba7b66c-f4ce-40b1-ad41-fb3a0072ce25,catherine.cfd,premium,390,780,high,low,9,namecheap,,,25/09/2026 04:07
9799bf66-d214-4304-ac40-26ccf750b974,abscess.cfd,premium,68.43,147.2,medium,low,7,namesilo,,,16/09/2026 17:31
7f22dad6-79e8-4391-9432-9ee2e0b14425,central.cfd,premium,68.43,147.2,high,low,7,namesilo,,,23/09/2026 12:46
8f2d662b-7888-4cbd-9c51-e2592bfdf22e,screw.cfd,premium,384,768,high,low,5,namesilo,,,18/08/2026 17:26
5529b30d-c497-4c4b-8ac4-75a2fecbdc43,partitioned.cfd,available,1.88,19.49,medium,low,11,namesilo,,,18/09/2026 12:14
26447740-20c6-444c-8931-44436f95805d,unhurried.cfd,available,1.39,26.98,high,low,9,namecheap,,,12/09/2026 12:39
7fe84945-13a7-4217-befd-ec50354d7299,joints.cfd,available,1.88,19.49,medium,low,6,namesilo,,,20/09/2026 03:38
c8eb1f97-3e36-4187-8607-11f8ea3e650b,coed.cfd,premium,11.8,23.6,medium,low,5,namesilo,,,12/08/2026 13:16
ceaa7083-77cf-4d2e-a68d-94a642e28be8,feathered.cfd,available,1.39,26.98,high,low,9,namecheap,,,18/08/2026 00:19
be8f3bf9-2e4b-46cb-90e9-2e5f51f09d5d,backspacer.cfd,available,1.88,19.49,medium,low,10,namesilo,,,21/09/2026 16:02
040af466-b064-483b-a29a-2bcb262dca9d,emeer.cfd,available,1.39,26.98,medium,low,5,namecheap,,,18/09/2026 18:00
48c4d966-8e52-4ff0-b424-7034997aa9da,offered.cfd,available,1.49,,medium,low,7,name.com,,,
f13a453b-bc84-4408-9c28-1ec629f711e5,als.cfd,premium,384,768,high,low,3,namesilo,,,18/09/2026 14:14
f2ac43bc-e3c3-4bc3-9609-66f4dbe1d8fa,apocryphal.cfd,available,1.39,26.98,medium,low,10,namecheap,,,06/08/2026 01:11
97d177fd-1b1a-40bc-9b63-91d3921995c5,analyser.cfd,available,1.88,19.49,high,low,8,namesilo,,,19/09/2026 01:57
dd9d7208-1e3d-46f7-8fac-b38fb6037448,zoo.cfd,premium,384,768,high,low,3,namesilo,,,26/09/2026 00:33
9cabe494-b241-4190-9cc4-5ddad4b5e2f4,categorial.cfd,available,1.39,26.98,medium,low,10,namecheap,,,11/08/2026 21:27
e76569cf-cb14-4070-a471-6d4cea9c9113,quicker.cfd,available,1.39,26.98,high,low,7,namecheap,,,14/09/2026 17:44
b13bd54b-d5bc-4b4c-9df3-3192894378aa,retarded.cfd,available,1.49,,medium,low,8,name.com,,,
fa2a1f05-3c01-4cda-ae43-88e2255b7622,situated.cfd,available,1.88,19.49,medium,low,8,namesilo,,,25/09/2026 14:16
46c9e651-f434-431b-887c-3a072f679996,midday.cfd,available,1.49,,high,low,6,name.com,,,
cabce9f7-1465-4c0c-bdbb-438c6f961604,aftertaste.cfd,available,1.39,26.98,high,low,10,namecheap,,,17/09/2026 15:52
60b3bc2a-23d2-4d17-99d2-279cf394206e,dactylic.cfd,available,1.99,31.99,medium,low,8,name.com,,,13/08/2026 15:27
531df169-ac08-40fe-867e-70d91f7b967a,myeloid.cfd,available,1.39,26.98,medium,low,7,namecheap,,,03/09/2026 12:06
b3cef827-2c7e-41f8-899c-e5d519867d7e,primeval.cfd,available,1.39,26.98,high,low,8,namecheap,,,09/09/2026 02:02
f92a2cff-4113-4484-85f0-9fa6ba90a037,alien.cfd,premium,384,768,high,medium,5,namesilo,,,
36cd6c4f-8704-4e16-b224-c7fb606a119b,aqaba.cfd,premium,384,768,medium,low,5,namesilo,,,17/09/2026 23:49
0997c85a-28e6-471d-a0a5-14eedc29b993,matthews.cfd,premium,51.35,102.7,high,low,8,namecheap,,,25/09/2026 19:36
8cd988a6-fcd0-4826-8c22-c53d582b9ef4,undated.cfd,available,1.39,26.98,medium,low,7,namecheap,,,12/09/2026 06:58
a8253781-a87d-4a86-9a80-317746bc7023,shaped.cfd,premium,384,768,high,low,6,namesilo,,,25/08/2026 03:44
16106d32-74ab-433d-8026-db7439a6410f,antecedent.cfd,available,1.39,26.98,high,low,10,namecheap,,,
c12caeb7-52d9-4c0e-8b3a-64287ae7bfd5,didrikson.cfd,available,1.88,19.49,medium,low,9,namesilo,,,21/09/2026 12:34
1b864126-83c7-49cd-b116-57d9be7b7024,armory.cfd,available,1.88,19.49,high,low,6,namesilo,,,20/09/2026 07:31
0b10454e-cf8b-4f48-8859-f855643b86ac,planetal.cfd,available,1.39,26.98,medium,low,8,namecheap,,,08/09/2026 20:42
af8e4b67-d986-4901-bd5b-64093638d055,crispy.cfd,premium,384,768,high,low,6,namesilo,,,13/08/2026 07:23
fe5ea9da-6339-4790-aef2-eaea08ebf358,recipe.cfd,premium,165.12,330.24,high,low,6,namesilo,,,
9c0e8645-4c07-4461-a486-4f573a202428,capable.cfd,premium,390,780,high,low,7,namecheap,,,21/09/2026 18:33
502253f0-2239-4b2e-b7ea-edfe5bbc2826,rarified.cfd,available,1.39,26.98,medium,low,8,namecheap,,,17/08/2026 15:46
2e684734-5ae4-4992-a479-4b639b98306f,tempered.cfd,available,1.39,26.98,high,low,8,namecheap,,,11/09/2026 10:50
6a171e9c-0003-4db3-b1ef-db6695a1e2c0,point.cfd,premium,165.12,330.24,high,low,5,namesilo,,,
72f9188e-2dab-4062-bbfb-f96a7b5a1ff0,raving.cfd,available,1.39,26.98,high,low,6,namecheap,,,15/09/2026 22:43
2eda83ab-9908-4269-943c-ff5321e1ba15,custom.cfd,resell,,,high,low,6,"Global Domains International, Inc. DBA DomainCostClub.com",30/04/2021 22:53,30/04/2027 23:59,23/09/2026 10:51
5017dc88-d7f6-489c-a141-1cbbdf8b8a74,unvoiced.cfd,available,1.39,26.98,medium,low,8,namecheap,,,11/09/2026 03:39
a9ffe7e9-606d-4220-bb59-d14268fdb6b9,conjecture.cfd,available,1.39,26.98,high,low,10,namecheap,,,24/09/2026 17:17
67142688-7629-4d2f-b9cd-86692baf4d8e,fold.cfd,premium,18.88,37.76,high,low,4,namesilo,,,
351c6c73-84f2-4387-9595-456d119e130e,evaporate.cfd,available,1.49,,high,low,9,name.com,,,
89713919-51bc-4cb6-b4d3-a1d7611d9202,patois.cfd,available,1.39,26.98,medium,low,6,namecheap,,,13/09/2026 04:15
115739e8-b57f-4429-8f63-49b0f6e021f0,statistics.cfd,premium,20.8,83.2,high,low,10,namecheap,,,
8b761abe-bd49-4eab-b943-7154a448d90c,oversee.cfd,available,1.49,,high,low,7,name.com,,,
31becc32-764c-4521-824c-b5d370b11c34,tattle.cfd,premium,384,768,medium,low,6,namesilo,,,23/09/2026 23:36
32943134-aa29-4e58-9605-9d7bdc950a89,free.cfd,resell,,,high,medium,4,Dynadot Inc,17/07/2022 17:16,17/07/2027 23:59,24/09/2026 00:15
cdcf95db-1da4-4bda-93b7-7893b5184804,baton.cfd,premium,390,780,high,low,5,namecheap,,,22/09/2026 14:13
eea7b63d-f069-47b0-9c0d-e8c24d3fb3a0,oft.cfd,premium,195,390,high,low,3,namecheap,,,14/09/2026 20:06
f10e4836-4785-487d-b706-fc6e2b831af2,tingle.cfd,premium,384,768,medium,low,6,namesilo,,,11/09/2026 16:11
0589a359-c187-474f-841f-03033cdc8605,castrate.cfd,available,1.39,26.98,medium,low,8,namecheap,,,16/08/2026 07:07
86746829-7d66-4921-857e-51b9b137317f,pale.cfd,premium,18.88,37.76,high,low,4,namesilo,,,
0dab7b03-7c33-4d3e-8a89-8fbc542ed0ef,nominal.cfd,available,1.39,26.98,high,low,7,namecheap,,,03/09/2026 18:17
ca050a1d-39a8-430f-9a81-8d09bc5f86c7,ternion.cfd,available,,,medium,low,7,,,,
80743a06-aa5b-4ba0-9bde-1865baf3d1c2,lens.cfd,premium,22.4,44.8,high,medium,4,namecheap,,,
40bf5064-c6cf-4c4c-9aa9-027356640090,unending.cfd,available,1.39,26.98,high,low,8,namecheap,,,
e53bd3fc-b3bc-46d0-b2be-e9f13a26640b,harmonical.cfd,available,1.39,26.98,medium,low,10,namecheap,,,12/08/2026 22:48
f4746467-d09f-43ac-974a-82bfb44c17cf,fleet.cfd,premium,390,780,high,high,5,namecheap,,,24/09/2026 19:57
a5e51551-414e-41e4-b8f0-0d532a92d11b,tunica.cfd,available,1.88,19.49,medium,low,6,namesilo,,,17/09/2026 10:35
036a2f0f-c4f5-4ba0-803a-738349186106,deposition.cfd,available,1.88,19.49,medium,low,10,namesilo,,,24/09/2026 22:00
09428b7d-b911-43f8-8906-442f3900477e,cinnabar.cfd,available,1.39,26.98,high,low,8,namecheap,,,12/08/2026 05:49
526dc915-5b22-4098-98a2-8036daef0e19,skillfully.cfd,available,1.39,26.98,high,low,10,namecheap,,,16/09/2026 02:07
f6ce4ea5-8696-4af9-9595-637c45c8c1a5,arenaria.cfd,available,1.88,19.49,medium,low,8,namesilo,,,20/09/2026 03:39
18637f5d-3ff1-4891-abd9-b86d200db2bc,blinking.cfd,available,1.39,26.98,high,low,8,namecheap,,,22/09/2026 21:58
ffb85949-5644-433e-9c92-a371da4ef60f,spiral.cfd,premium,384,768,high,low,6,namesilo,,,23/09/2026 14:59
f7cb8cd7-1f8a-4e13-b2b9-4f0787a27792,punishing.cfd,available,1.39,26.98,high,low,9,namecheap,,,06/08/2026 17:10
6fab38bd-ac6d-43e9-935d-2a0e7ef03eb6,taxation.cfd,premium,37.76,76.16,high,low,8,namesilo,,,
6ca3fd10-1123-4fe5-b90f-4811d524cb2e,octagonal.cfd,available,1.39,26.98,medium,low,9,namecheap,,,04/09/2026 00:37
25dc52c6-62ff-4d71-9516-426e67e6e3e5,gifts.cfd,resell,,,high,low,5,,,,25/09/2026 17:25
130508cd-2568-4530-8edb-f0ecb026edcc,jake.cfd,premium,46.61,94.8,high,medium,4,namesilo,,,25/09/2026 12:03
576a7a57-cbfe-4a48-b08d-0e827c7f92f9,handrail.cfd,available,1.88,19.49,high,low,8,namesilo,,,22/09/2026 00:31
bcc3968d-de0b-4dff-8b0e-3df4b88b3f25,barring.cfd,available,1.49,,medium,low,7,name.com,,,
78a089a2-d386-4f3a-ad50-70d89903d950,arenga.cfd,available,1.88,19.49,medium,low,6,namesilo,,,20/09/2026 03:43
97a5da9d-ee6b-4783-a61b-bbdb9193dfef,zone.cfd,premium,18.88,37.76,high,low,4,namesilo,,,
69adbcd5-472a-4b73-a720-d78d84609424,varying.cfd,available,1.39,26.98,high,low,7,namecheap,,,13/09/2026 01:31
4ceae862-0f3e-4ca5-8422-cbcb05c29252,defensive.cfd,available,1.39,26.98,high,low,9,namecheap,,,13/08/2026 23:15
7e467120-6506-4d0f-a3b1-1a240e216942,too.cfd,premium,76.76,165.12,high,low,3,namesilo,,,
614b1eb3-f3c3-42a8-82cf-5b05aeb64d60,cleansing.cfd,available,1.39,26.98,high,low,9,namecheap,,,
a7105f43-143a-4930-bf33-667fe3e98ed8,expire.cfd,available,1.49,,medium,low,6,name.com,,,
f63a8c77-8ef1-4960-88f5-61d0be09ac05,cordless.cfd,available,1.39,26.98,high,low,8,namecheap,,,13/08/2026 01:04
88ead07d-16f4-42d1-8547-f630e76bbb43,moldy.cfd,premium,390,780,medium,low,5,namecheap,,,25/09/2026 21:25
39955a12-2b97-4a6f-b52c-bc6b76f28185,prudishly.cfd,available,1.39,26.98,low,low,9,namecheap,,,15/09/2026 21:53
42c116cb-1dfa-4af6-97b2-0e71d38a4303,decadent.cfd,available,1.39,26.98,high,low,8,namecheap,,,13/08/2026 20:50
e67cdd1a-2403-418e-b0f3-9c420e911613,sincerely.cfd,available,1.49,,high,low,9,name.com,,,
f7ac5a91-fc76-47b7-9dd1-1a0f8337fdfc,exaggerate.cfd,available,1.49,,high,low,10,name.com,,,
7c98e92e-d95d-4f6c-8604-fd1498eb3ac7,complainer.cfd,available,1.39,26.98,medium,low,10,namecheap,,,23/09/2026 06:45
d6af3aef-faa5-422a-9e67-81677c759b29,stradivari.cfd,available,1.88,19.49,medium,low,10,namesilo,,,19/09/2026 15:41
a1a6f4e1-498f-4457-ab74-65232c013159,forcible.cfd,available,1.39,26.98,medium,low,8,namecheap,,,18/08/2026 11:19
135e2f5b-5048-446c-9212-4da800163ffa,coxa.cfd,premium,11.8,23.6,high,low,4,namesilo,,,20/09/2026 11:23
dd33571a-ae3b-4065-bfb8-3458c79e2dbf,apparent.cfd,premium,68.43,147.2,high,low,8,namesilo,,,06/08/2026 05:08
8e9d2c6d-085a-409f-baee-185b69920bf7,spartan.cfd,premium,68.43,147.2,high,low,7,namesilo,,,19/09/2026 16:49
be818226-78fe-405c-a976-0b5f0649c559,dusts.cfd,available,1.88,19.49,low,low,5,namesilo,,,21/09/2026 01:44
e4263485-3da0-4e0d-9607-b3bf7a4ec0e9,bulky.cfd,premium,384,768,medium,low,5,namesilo,,,23/09/2026 10:36
ea007e97-cd35-4f31-8468-2dbe672aa50e,purau.cfd,available,1.88,19.49,medium,low,5,namesilo,,,21/09/2026 22:02
2181b402-792b-41a9-8242-8f6ba18e3d63,transonic.cfd,available,1.39,26.98,medium,low,9,namecheap,,,10/09/2026 14:11
c59818db-4a04-488a-aaf5-4050da14fa73,arabian.cfd,premium,68.43,147.2,high,low,7,namesilo,,,06/08/2026 11:05
3680f12d-4915-4a4c-a877-f15b94bf1a31,forecast.cfd,premium,46.61,94.8,high,low,8,namesilo,,,21/09/2026 03:40
2bf7158e-73ec-48dc-94b5-30ea23a62630,someday.cfd,premium,68.43,147.2,high,low,7,namesilo,,,16/09/2026 04:13
901b7577-9161-4a3e-8d76-cc026d4ce0f2,james.cfd,premium,192,384,high,medium,5,namesilo,,,25/09/2026 11:15
afdd5acb-f4c5-4076-bbf6-96c0454c1cf0,airworthy.cfd,available,1.39,26.98,medium,low,9,namecheap,,,
ca490aac-1688-4fb9-b0f7-039ac04e5120,abject.cfd,available,1.39,26.98,high,low,6,namecheap,,,
2b2eb38d-1efd-462d-b42f-2585217f0fd8,ron.cfd,premium,384,768,high,low,3,namesilo,,,25/09/2026 00:25
6603a460-73bf-4588-af2e-843f5535c142,bankable.cfd,available,1.39,26.98,high,low,8,namecheap,,,08/08/2026 13:24
0340df8c-5911-4a4c-9cdd-e9143a6b1dc7,anthemis.cfd,available,1.88,19.49,medium,low,8,namesilo,,,19/09/2026 12:57
7f81e11a-dd57-47ee-8759-c1d8d4337853,beastly.cfd,available,1.39,26.98,medium,low,7,namecheap,,,09/08/2026 04:54
f072e2e8-ebae-46b1-969d-bbdecb332b6f,xxxiii.cfd,available,1.39,26.98,medium,low,6,namecheap,,,
27512226-863f-446c-a62f-83b83c42c362,nwo.cfd,premium,76.76,165.12,high,low,3,namesilo,,,
630f1205-3d69-4933-b3bd-89052b1a53ac,striate.cfd,available,1.39,26.98,medium,low,7,namecheap,,,10/09/2026 22:36
c5c991dc-10a0-4140-8d6f-570a6efe31b4,prochoice.cfd,available,1.49,,high,low,10,name.com,,,
f3a770cc-80bc-48df-b1fe-5eb903d38d0e,weiss.cfd,premium,384,768,high,low,5,namesilo,,,25/09/2026 15:49
fec74f73-14f8-4c55-9ce0-19a4508802d6,bivalvia.cfd,available,1.88,19.49,medium,low,8,namesilo,,,23/09/2026 23:16
9252ed7a-be32-45bf-aff8-728c9c1d4d14,stretch.cfd,premium,195,390,high,low,7,namecheap,,,21/09/2026 20:13
b8539513-21a8-4cf2-971e-77ef4b54b479,biogeny.cfd,available,1.39,26.98,medium,low,7,namecheap,,,23/09/2026 18:05
e6556d58-e03a-44f8-843c-879060232ef5,bees.cfd,premium,51.35,102.7,high,low,4,namecheap,,,18/09/2026 21:40
3896a182-76ff-4147-afe9-8d465cf0c813,expect.cfd,premium,165.12,330.24,high,low,6,namesilo,,,
181a0c35-f714-4a60-9d88-ee18c32c269f,sagacious.cfd,available,1.39,26.98,high,low,9,namecheap,,,08/09/2026 18:02
3673d0fc-264c-4458-a07a-56c5d2c611ae,lots.cfd,premium,18.88,37.76,high,low,4,namesilo,,,
53640b44-fc4e-4b72-94d4-3eb5c1f1b294,initially.cfd,available,1.49,,high,low,9,name.com,,,
278f9d7b-0894-42f3-999c-119550ef0f7d,redeemable.cfd,available,1.39,26.98,high,low,10,namecheap,,,11/08/2026 20:14
26b68fab-7e5d-430b-bf5c-02cecb617d4a,galax.cfd,premium,384,768,medium,low,5,namesilo,,,23/09/2026 01:54
26a5fefb-cbd3-47f5-83f2-97d876a963fa,gallant.cfd,premium,192,384,high,low,7,namesilo,,,12/08/2026 06:16
084bffdd-885b-4be7-9cd2-9107ae7210a3,darkish.cfd,available,1.99,31.99,medium,low,7,name.com,,,13/08/2026 18:14
82fb5fd4-b732-46be-a28a-476ca5a108be,alas.cfd,premium,46.61,94.8,high,low,4,namesilo,,,13/09/2026 18:37
3b020053-ae43-4fc4-b2b9-2cf3e357cd84,cauterize.cfd,available,1.39,26.98,medium,low,9,namecheap,,,11/08/2026 14:34
eda1ce0a-f1a2-4342-8d13-0f75502bd84b,fungicide.cfd,available,1.39,26.98,high,low,9,namecheap,,,
96694440-bad3-431f-b6d0-8be14d2c4868,hogan.cfd,premium,384,768,high,low,5,namesilo,,,23/09/2026 07:21
28bf1875-e1bc-49e4-9d43-2c445178945a,logan.cfd,premium,46.61,94.8,high,low,5,namesilo,,,25/09/2026 09:03
4b65b5ee-582a-4c30-bc37-6b1a563fa8fa,lutzen.cfd,available,1.88,19.49,medium,low,6,namesilo,,,22/09/2026 15:24
a9f0acdf-e704-4ea8-9864-ca00ae3120aa,unrepaired.cfd,available,1.39,26.98,medium,low,10,namecheap,,,12/09/2026 18:17
f5a2cc30-0744-478f-a27f-387673ee5ca7,squinch.cfd,available,1.39,26.98,medium,low,7,namecheap,,,10/09/2026 17:51
5e0d7c1c-0198-481d-9ac8-f273f4e1e446,freeborn.cfd,premium,68.43,147.2,medium,low,8,namesilo,,,18/08/2026 14:53
525ee832-e215-43ac-a85b-ead4a4525c51,gandhi.cfd,premium,165.12,330.24,high,low,6,namesilo,,,
405ae8f7-3c02-4abc-9445-9d0cd988ab41,bunch.cfd,premium,165.12,330.24,high,low,5,namesilo,,,
e998ab54-3e8f-4796-bd5f-63f7386f04b9,triumph.cfd,premium,384,768,high,high,7,namesilo,,,24/09/2026 19:43
893306db-890b-469c-87a8-8da941fb8eee,theoretic.cfd,available,1.39,26.98,high,low,9,namecheap,,,11/09/2026 12:54
3ff30958-3521-4288-a2ca-a75ef694839b,bemidji.cfd,premium,68.43,147.2,medium,low,7,namesilo,,,23/09/2026 07:16
d80fc1b0-2073-49ce-a8e9-03a83aa55378,changes.cfd,available,1.88,19.49,high,low,7,namesilo,,,25/09/2026 09:03
5aa61bc6-ef01-4691-b4be-47c01528b42c,entertain.cfd,premium,390,780,high,low,9,namecheap,,,24/09/2026 02:50
11968755-d558-4748-b16d-bfc1e9e07e4f,obamacare.cfd,premium,46.61,94.8,medium,low,10,namesilo,,,
7a778c99-4135-48b2-8b0c-8d862da11a26,eater.cfd,premium,384,768,high,low,5,namesilo,,,19/09/2026 09:42
2e3fd257-533c-4272-ad0d-1d3ec5893477,alhaytham.cfd,available,1.39,26.98,medium,low,10,namecheap,,,18/09/2026 00:48
9133e6c2-7a2b-4101-a28b-ff4005269307,feign.cfd,available,1.39,26.98,high,medium,5,namecheap,,,09/09/2026 01:48
fe3e0bc4-a409-44c4-b997-d407dce239a3,appetiser.cfd,available,1.39,26.98,high,low,9,namecheap,,,19/09/2026 20:48
f8038395-6b3e-4cf7-a7cc-0052852cf6f2,aphrodite.cfd,premium,192,384,high,low,9,namesilo,,,19/09/2026 17:15
727f3d28-65e2-4e2c-833a-a5fc65a5d056,honest.cfd,resell,,,high,low,6,"Global Domains International, Inc. DBA DomainCostClub.com",20/04/2022 14:42,20/04/2027 23:59,21/08/2026 13:19
21654d0b-b654-437c-a935-e36b49de7177,beeswax.cfd,premium,68.43,147.2,high,low,7,namesilo,,,23/09/2026 01:48
f0c02c1d-64c0-4260-abc2-f46272ea0872,bygone.cfd,available,1.39,26.98,high,low,6,namecheap,,,11/08/2026 12:06
b3257343-8d3a-4759-89b5-ad2b5da95b1b,reward.cfd,premium,390,780,high,low,6,namecheap,,,25/09/2026 07:57
33b5c2c3-5371-4552-af6f-748dd270bec7,twits.cfd,available,1.88,19.49,low,low,5,namesilo,,,21/09/2026 06:16
891913eb-4973-4610-b6b2-220edd407a7f,majors.cfd,premium,384,768,high,low,6,namesilo,,,23/09/2026 14:46
0696821d-be32-4746-b1e4-921b7ddddae0,syncopated.cfd,available,1.39,26.98,high,low,10,namecheap,,,11/09/2026 06:19
b4d4fa63-6553-422d-aafd-52a6758c3305,heralded.cfd,available,1.39,26.98,medium,low,8,namecheap,,,21/08/2026 06:51
85863c7f-ca15-4790-8f35-f926a3d356bb,inshore.cfd,available,1.39,26.98,medium,low,7,namecheap,,,22/08/2026 06:53
23f1b896-e32c-4a8b-bfd0-0421203573e7,strife.cfd,premium,390,780,high,low,6,namecheap,,,24/09/2026 22:33
ce684ab1-1c7e-4d56-aba9-78cfb7e7acba,spousal.cfd,available,1.39,26.98,high,low,7,namecheap,,,11/08/2026 03:56
eb085097-ded5-4193-aa94-17fc4fb38ffe,bright.cfd,premium,384,768,high,medium,6,namesilo,,,23/09/2026 09:27
2cbcb67c-d475-4b4e-b5d5-70ded1d80039,spinal.cfd,premium,384,768,high,medium,6,namesilo,,,10/09/2026 15:38
251aedc1-967a-4caf-ab73-dd137b2f583a,predilection.cfd,available,1.49,,high,low,12,name.com,,,
5d19e292-27b3-4658-8eaa-ec491066c976,dignity.cfd,resell,,,high,low,7,Dynadot LLC,02/12/2023 19:51,02/12/2026 23:59,
80e0b2bb-a4b8-4d64-afed-e441029ed381,aigrette.cfd,available,1.39,26.98,medium,low,8,namecheap,,,17/09/2026 20:55
08106a67-be54-44e1-bd6e-b786ebaa886f,vernacular.cfd,available,1.39,26.98,high,low,10,namecheap,,,13/09/2026 04:07
343b49be-6a60-480b-bc5e-9a97c3940299,salable.cfd,available,1.39,26.98,high,medium,7,namecheap,,,09/09/2026 20:50
8ae34d73-f893-4692-b911-86968f51212b,chihuahua.cfd,premium,390,780,high,low,9,namecheap,,,24/09/2026 14:33
27168366-3ebc-484c-a362-fe7e2780e93a,inconsistent.cfd,available,1.49,,medium,low,12,name.com,,,
116a30fc-d86c-4e89-b340-f47be25c1f8c,oppressed.cfd,available,1.39,26.98,medium,low,9,namecheap,,,04/09/2026 16:50
ac125c91-8216-4d62-b172-5f04c0434c77,rape.cfd,premium,384,768,high,low,4,namesilo,,,24/09/2026 08:17
ac351dde-7dd2-4400-9455-be96773cf710,removable.cfd,available,1.39,26.98,high,low,9,namecheap,,,03/09/2026 23:44
51e66c7e-6cde-47d0-b9a3-fc4c4ecc0e21,unaware.cfd,available,1.39,26.98,medium,low,7,namecheap,,,22/08/2026 01:38
de7e1ee6-6c57-4b21-8e68-2769967e1749,conducted.cfd,available,1.49,,medium,low,9,name.com,,,
bb25c5e1-01a7-431d-bd3b-d5df34a2728f,flowery.cfd,premium,68.43,147.2,high,low,7,namesilo,,,18/08/2026 09:09
64b1eb12-8676-436d-8536-24915c3ffbe3,elliot.cfd,premium,46.61,94.8,high,low,6,namesilo,,,25/09/2026 21:48
2c71d68d-ede5-4a10-a73d-7969899e6086,many.cfd,premium,384,768,high,low,4,namesilo,,,25/09/2026 16:43
1bd2028f-5c4e-4b1c-a0d6-8d8e44197f71,humanity.cfd,premium,68.43,147.2,high,low,8,namesilo,,,25/09/2026 10:59
1d5cc3ae-feea-4273-a0cc-502aee5435ca,until.cfd,premium,165.12,330.24,medium,low,5,namesilo,,,
c1ba6119-211c-406d-8ad8-0abf7d099713,disharmony.cfd,available,1.88,19.49,medium,low,10,namesilo,,,24/09/2026 22:38
19d6ba79-f69f-4d35-9543-dbf9867a8a51,sayonara.cfd,available,1.88,19.49,high,low,8,namesilo,,,17/09/2026 08:15
be5421f8-0383-40cf-83a7-7f2a4ed3f58f,cassidy.cfd,premium,68.43,147.2,high,low,7,namesilo,,,26/09/2026 03:43
364fb379-d150-4d37-bb13-f8bff664c4bf,bionomic.cfd,available,1.39,26.98,medium,low,8,namecheap,,,10/08/2026 03:03
f2ed5bfd-c12e-4926-9a6c-d97fa3451892,pressed.cfd,available,1.49,,high,low,7,name.com,,,
985e42c2-4b55-45b0-ab95-befa45dd1060,terzetto.cfd,available,1.39,26.98,medium,low,8,namecheap,,,
def2344b-e3e3-4a01-a131-4d053874cccd,pianistic.cfd,available,1.39,26.98,high,medium,9,namecheap,,,08/09/2026 19:28
993badd1-0d69-41ff-a01c-ebc1e9602c85,moosewood.cfd,available,1.88,19.49,medium,low,9,namesilo,,,16/09/2026 23:36
b2e9545c-82ad-41e1-9b08-6c78578ef79d,impossible.cfd,premium,390,780,high,medium,10,namecheap,,,25/09/2026 07:55
a855814b-1a14-428b-bd92-71023037699c,synergetic.cfd,available,1.39,26.98,high,low,10,namecheap,,,11/09/2026 06:25
f8ca9529-4742-4ced-83ad-3fb270128b3b,bellingham.cfd,premium,384,768,high,low,10,namesilo,,,23/09/2026 06:12
40149074-7fac-4132-9208-2e221dccc8ac,rustle.cfd,available,1.39,26.98,high,low,6,namecheap,,,13/09/2026 11:37
00f8b48a-5149-40ce-a496-dcf2fc8098ab,where.cfd,premium,165.12,330.24,high,low,5,namesilo,,,
9efb4b1f-3785-4273-90d5-ddfa0d6b3e03,asama.cfd,available,1.88,19.49,medium,low,5,namesilo,,,20/09/2026 12:47
e64d56fe-d2c9-4859-9006-a6c27a5653d8,acrogen.cfd,available,1.88,19.49,medium,low,7,namesilo,,,17/09/2026 03:44
984a116f-e32f-4c03-81de-56e11803025f,factually.cfd,available,1.39,26.98,medium,low,9,namecheap,,,14/09/2026 17:27
0f631882-67de-49d6-a0ba-10ce3a49a1bf,adverbs.cfd,available,1.88,19.49,medium,low,7,namesilo,,,18/09/2026 21:42
17366b9e-4ba6-43db-9e7e-658a1c22dc99,coddle.cfd,available,1.88,19.49,high,low,6,namesilo,,,21/09/2026 13:03
a5240aa0-6013-49c5-a6d8-e5d35081eed5,revolved.cfd,available,1.49,,medium,low,8,name.com,,,
7c654a50-6fb4-4adb-8d07-687d3ef0984d,anglomania.cfd,premium,192,384,medium,low,10,namesilo,,,19/09/2026 06:51
b3abd753-f7cf-4234-8b7e-41ba2a1014cb,overdressed.cfd,available,1.88,19.49,medium,low,12,namesilo,,,16/09/2026 17:42
5119b269-56cc-4688-be46-d1d7b76c1c17,detroit.cfd,premium,165.12,330.24,high,low,7,namesilo,,,
ec7716bf-7da6-4ea8-a07c-450bea474a17,birds.cfd,premium,384,768,high,low,5,namesilo,,,
3a8e3cb6-4cfc-47a6-9cc6-3147ab37f429,aught.cfd,available,1.39,26.98,medium,low,5,namecheap,,,03/09/2026 22:36
81069803-2f31-4994-ba71-4a165ba87ba1,input.cfd,premium,384,768,high,low,5,namesilo,,,19/09/2026 11:49
1ae46759-5b36-4bd6-8bdd-884dd1f220b6,mar.cfd,premium,780,1560,high,low,3,namecheap,,,24/09/2026 05:35
e3198b4e-52d5-45d9-9e36-632889129df3,candidly.cfd,available,1.39,26.98,high,low,8,namecheap,,,14/09/2026 05:06
ed6851f1-3750-4031-b5db-6549081ffb6f,abrogation.cfd,available,1.39,26.98,high,low,10,namecheap,,,16/09/2026 17:14
38d87c15-029b-4d44-86a0-422d0a9ecbad,sideway.cfd,available,1.39,26.98,high,medium,7,namecheap,,,10/09/2026 07:47
776a6926-1105-4420-b226-b85ee81745e1,billfish.cfd,available,1.39,26.98,high,low,8,namecheap,,,23/09/2026 16:15
099b8680-8c2c-4858-a66c-a53a8467eddb,innate.cfd,premium,384,768,high,low,6,namesilo,,,12/08/2026 21:44
865c6cbd-ecc8-4577-a9c4-f185f42a1023,decorated.cfd,available,1.88,19.49,high,low,9,namesilo,,,21/09/2026 19:45
0c3c057f-4652-4530-8293-24fde0d78880,libraries.cfd,premium,74.75,149.5,medium,low,9,namecheap,,,20/09/2026 00:02
17118f5b-d6dd-4f20-a22d-3694e29759a5,wobbly.cfd,available,1.49,,high,low,6,name.com,,,
ded5b7e4-b450-4cf1-b7e7-2a24f7682d43,liqueur.cfd,available,1.39,26.98,high,low,7,namecheap,,,13/08/2026 01:02
998e82e0-cc6e-4410-95bc-455c7e82ffef,grouse.cfd,available,1.88,19.49,high,low,6,namesilo,,,23/09/2026 00:24
6789efad-dca6-4458-9fa4-8c51918e608d,historied.cfd,available,1.39,26.98,medium,low,9,namecheap,,,21/08/2026 09:53
692e3fa8-9ceb-452f-99a9-29edcf01e14c,clique.cfd,premium,384,768,high,low,6,namesilo,,,24/09/2026 15:47
6a5c1228-4e1f-416d-a010-6893f9b1241c,bookmark.cfd,premium,74.75,149.5,high,low,8,namecheap,,,24/09/2026 07:12
726b1755-cfe7-43b4-8c9a-dd05561071f2,component.cfd,premium,74.75,149.5,high,low,9,namecheap,,,23/09/2026 20:58
ffbf74eb-fb3e-4c73-855a-b007097a09aa,anxiously.cfd,available,1.39,26.98,medium,low,9,namecheap,,,13/09/2026 20:05
dd93d36b-2fc7-416c-9698-cdf4c8215ee7,auriferous.cfd,available,1.88,19.49,medium,low,10,namesilo,,,22/09/2026 13:02
fecf3f7c-e6af-4e7f-a9c4-e006b3e3662b,shavian.cfd,available,1.39,26.98,high,medium,7,namecheap,,,10/09/2026 06:09
0ef20e44-d0c6-4eae-ad11-0391ece0acd1,miguel.cfd,premium,384,768,high,low,6,namesilo,,,25/09/2026 14:22
02735377-6fcf-4f7a-a8f4-942bda6ef429,flexuous.cfd,available,1.39,26.98,medium,low,8,namecheap,,,18/08/2026 08:08
568497cc-9d5c-44da-8534-0f3a915fb2c4,uncounted.cfd,available,1.39,26.98,high,low,9,namecheap,,,13/08/2026 03:44
aaca0da9-2f28-40f5-bebf-b93b2d1c69f7,overnice.cfd,available,1.39,26.98,medium,low,8,namecheap,,,04/09/2026 21:20
47e401a0-2f0f-488d-9339-ac95ff99fbed,spread.cfd,premium,390,780,high,low,6,namecheap,,,23/09/2026 15:42
f1ac0d68-a7b2-4ab8-8ef9-d0d00039ad02,gustative.cfd,available,1.39,26.98,medium,low,9,namecheap,,,20/08/2026 21:08
bb86231f-c7f8-48ea-aa44-e80ade3a7236,alecost.cfd,available,1.88,19.49,medium,low,7,namesilo,,,18/09/2026 04:46
f08f6e97-478d-4d26-9664-6983a85507c2,intrusive.cfd,available,1.39,26.98,high,low,9,namecheap,,,22/08/2026 08:49
6b1f9622-eb98-4e36-983d-8664debed6f4,edwin.cfd,premium,46.61,94.8,high,low,5,namesilo,,,25/09/2026 05:17
a557dc15-4e4f-4b1b-81d4-5beb4fe881b6,answered.cfd,available,1.88,19.49,high,low,8,namesilo,,,25/09/2026 16:54
fb1accf5-2173-479e-ae99-aec049a4a1e9,fleetly.cfd,available,1.39,26.98,medium,low,7,namecheap,,,14/09/2026 18:56
fb5cde04-da85-438a-b6f2-d09c575f4dbc,ailing.cfd,available,1.39,26.98,high,low,6,namecheap,,,
5f14316f-6079-4130-b065-33699581d454,curfew.cfd,premium,390,780,high,low,6,namecheap,,,24/09/2026 20:27
609ae400-38c3-4254-8d11-5e410659a63e,seasonal.cfd,premium,68.43,147.2,high,low,8,namesilo,,,10/09/2026 00:58
d5e2b242-f688-4ef5-97c7-b6c5fa536072,primo.cfd,premium,384,768,high,low,5,namesilo,,,09/09/2026 02:07
c1442a4e-ac46-4d3b-813a-bd7d4ca5b665,bosomed.cfd,available,1.39,26.98,medium,low,7,namecheap,,,10/08/2026 20:23
53918ba6-cc66-485d-a4cd-3860c632cad6,intune.cfd,available,1.39,26.98,high,low,7,namecheap,,,17/09/2026 12:54
3aee8e15-9bf4-4c9c-b0b2-7da5c673461d,muggy.cfd,available,1.39,26.98,medium,low,5,namecheap,,,03/09/2026 10:31
e5d3f59e-ff71-454e-8f25-29851a78c129,practices.cfd,available,1.39,26.98,medium,low,9,namecheap,,,16/09/2026 19:21
47eb3e73-bae0-4e19-b865-4680cf31f6fd,maxilla.cfd,available,1.39,26.98,medium,low,7,namecheap,,,24/08/2026 17:52
9fc534a2-6815-4c70-b1bf-cac62421fa93,arthurian.cfd,available,1.39,26.98,medium,low,9,namecheap,,,06/08/2026 23:21
46ff404e-335b-4e34-b91e-9d081e7df774,audience.cfd,premium,68.43,147.2,high,low,8,namesilo,,,21/09/2026 02:53
68d2348f-4f77-4a0d-b875-76b24f3ad2e9,killed.cfd,available,1.88,19.49,medium,low,6,namesilo,,,17/09/2026 12:17
8b81c8ab-19c6-4063-9400-97b1fb20c0ca,couple.cfd,premium,165.12,330.24,high,low,6,namesilo,,,
9e91e3d8-c825-40cb-8b95-aa4adab1d83c,agate.cfd,available,1.88,19.49,high,low,5,namesilo,,,17/09/2026 16:25
e4a7c506-572c-4826-9dbd-61bfae0fc6e1,surprised.cfd,available,1.49,,high,low,9,name.com,,,
bb4b96ec-58ea-43f9-b94b-aec8026f2eed,neolithic.cfd,available,1.39,26.98,medium,low,9,namecheap,,,03/09/2026 15:25
68e4ed79-e38b-49c2-a75f-1605d4f35613,adhesive.cfd,premium,68.43,147.2,high,low,8,namesilo,,,
c34dc12c-a0d3-443a-9d98-42ebb6ad14ce,minutely.cfd,available,1.39,26.98,high,low,8,namecheap,,,15/09/2026 15:04
e7ebb7ac-f454-4fa5-a397-473ba165a424,aneroid.cfd,available,1.39,26.98,medium,low,7,namecheap,,,
4d7b55fd-c1bf-4e5c-b9b7-b1d8a90336f7,calling.cfd,premium,68.43,147.2,high,low,7,namesilo,,,24/09/2026 11:48
ee0b4678-f337-45cf-b002-e742d606ad30,backpacker.cfd,premium,46.61,94.8,high,low,10,namesilo,,,21/09/2026 15:44
2551e5f8-67d7-42b7-9d0e-a306cd9fdb96,loveliness.cfd,available,1.88,19.49,high,low,10,namesilo,,,22/09/2026 22:21
ed35b72a-ba03-4b06-b407-073abe770e3c,compass.cfd,resell,,,high,medium,7,,,,18/09/2026 16:50
d1bbb5b3-c122-4ab1-bc1c-37ea7c382c04,elated.cfd,premium,384,768,high,low,6,namesilo,,,16/08/2026 00:44
3f42da4e-4425-4356-8c8d-c16515e3e986,posters.cfd,premium,360.5,721,high,low,7,namecheap,,,
e8025bdc-fddd-4266-9aae-150a13f27ea0,windmill.cfd,premium,68.43,147.2,high,low,9,namesilo,,,17/09/2026 13:01
75af4f12-44fb-4fde-936e-2233abe4e366,hysterical.cfd,premium,68.43,147.2,medium,low,10,namesilo,,,21/08/2026 17:22
6c162881-558c-4c06-a4cd-b8e222799961,drummond.cfd,premium,46.61,94.8,medium,low,8,namesilo,,,25/09/2026 15:26
15461e0e-5fb2-49b8-b2c4-bf63f227ed5e,germanic.cfd,available,1.39,26.98,high,low,8,namecheap,,,18/08/2026 22:46
45ebc65f-6a86-4f6e-a2d8-adbfbf12249e,scarey.cfd,available,1.39,26.98,medium,low,6,namecheap,,,12/08/2026 05:21
446b8e2b-0caa-4905-8a37-518daf3df6d7,bristol.cfd,premium,68.43,147.2,high,low,7,namesilo,,,24/09/2026 10:36
1e15f9f4-131b-4650-9523-aafea6aabe29,ivory.cfd,premium,384,768,high,low,5,namesilo,,,04/09/2026 01:20
aaece488-f79a-4c96-92df-ab2946258280,montane.cfd,available,1.39,26.98,high,low,7,namecheap,,,25/08/2026 05:41
bd594204-7dc3-44d6-8153-502fe1de00b6,actors.cfd,premium,180.6,361.2,high,low,6,namecheap,,,
a7a4506f-f6ed-4213-b522-9093ffb48b84,interest.cfd,premium,68.43,147.2,high,low,8,namesilo,,,08/09/2026 14:02
f124c9d6-40bb-4868-9472-45a4c9fa8efa,inner.cfd,resell,,,high,low,5,"Global Domains International, Inc. DBA DomainCostClub.com",30/11/2023 17:28,30/11/2026 23:59,22/08/2026 05:54
afc5e37d-2fec-493f-a446-0f7ccf6d2816,tannenberg.cfd,available,1.39,26.98,medium,low,10,namecheap,,,22/09/2026 16:05
315ea0b7-1192-48dc-b69e-6a5a4e0a61aa,monestrous.cfd,available,1.39,26.98,low,low,10,namecheap,,,25/08/2026 04:32
35e2c199-3b67-4503-800e-ac440974f58e,asbestos.cfd,premium,46.61,94.8,high,low,8,namesilo,,,20/09/2026 12:54
15dff453-5c60-4200-a1ff-7321bf9bed84,smasher.cfd,available,1.39,26.98,high,low,7,namecheap,,,22/08/2026 16:38
fca7ca84-4aab-4d9c-8535-59c0ee21779c,allgood.cfd,premium,74.75,149.5,high,low,7,namecheap,,,18/09/2026 10:56
3a7dce43-99c7-4309-809d-fc1713f5dcd6,totipotent.cfd,available,1.39,26.98,medium,low,10,namecheap,,,11/09/2026 18:12
a5b68750-2a1c-44d5-9f8b-d3c208afe846,anomaly.cfd,available,1.88,19.49,high,low,7,namesilo,,,19/09/2026 11:28
dfad049d-0244-46ef-96fc-9de1bbc8a7ee,mistakes.cfd,available,1.88,19.49,medium,low,8,namesilo,,,16/09/2026 10:20
30c736b9-c1d6-4958-8325-54708ad3c7c7,abroad.cfd,premium,384,768,high,low,6,namesilo,,,21/09/2026 14:31
e70c90d1-36a6-4f51-aced-d61bf92cb1c4,jefferson.cfd,premium,46.61,94.8,high,low,9,namesilo,,,25/09/2026 23:16
a94f0707-0452-4b0d-ade0-f34f304b31ef,gjo.cfd,premium,68.43,147.2,medium,low,4,namesilo,,,17/09/2026 05:37
d3e112da-5b4b-4b3a-ab35-3c742cbcb064,measly.cfd,premium,390,780,medium,low,6,namecheap,,,24/08/2026 18:23
e57e83e9-fdb2-4706-a3b9-4f0131a65169,heroically.cfd,available,1.39,26.98,high,low,10,namecheap,,,15/09/2026 00:39
fd4626dc-14c2-41d3-910f-cf34c856a866,anatomist.cfd,available,1.88,19.49,high,low,9,namesilo,,,19/09/2026 03:32
b857643c-e258-4c64-95a7-e478d2276042,communication.cfd,resell,,,high,low,13,,,,25/09/2026 03:16
d1754916-9ef2-4d81-86a9-09707504948e,lousy.cfd,available,1.88,19.49,medium,low,5,namesilo,,,24/09/2026 01:33
9dd4197d-11f0-4cfc-9480-d1cefbd2c016,gangling.cfd,available,1.39,26.98,medium,low,8,namecheap,,,18/08/2026 20:08
e08f9ec6-62c7-4bc6-bdcf-83f28a5bc79d,arco.cfd,premium,384,768,high,low,4,namesilo,,,06/08/2026 16:02
7e5cf51f-62a1-43f7-b6c0-6a1dfd659085,foreordain.cfd,available,1.39,26.98,high,medium,10,namecheap,,,09/09/2026 01:24
c9436de8-366e-4ce2-9079-27bee5733d69,crown.cfd,premium,390,780,high,medium,5,namecheap,,,24/09/2026 19:47
2491adf3-a1fd-4228-8630-a11105dd178b,horrible.cfd,available,1.39,26.98,high,low,8,namecheap,,,18/08/2026 15:44
2f71889f-b0f0-4d9b-b955-64200582809a,sacred.cfd,premium,384,768,high,low,6,namesilo,,,24/09/2026 23:19
eef036db-2e6e-457f-9311-3d8b7281f7df,inaudible.cfd,available,1.39,26.98,medium,low,9,namecheap,,,22/08/2026 00:33
98ac5e33-4300-494e-9a28-97c12ea6b9bd,friendly.cfd,premium,68.43,147.2,high,low,8,namesilo,,,25/09/2026 05:51
89f185f5-53d5-455a-93c1-c0898c8482cf,game.cfd,premium,384,768,high,medium,4,namesilo,,,24/09/2026 21:53
c35e078c-184d-4bb4-b317-6c0a19493011,trip.cfd,resell,,,high,low,4,Dynadot Inc,02/12/2023 19:51,02/12/2026 23:59,08/09/2026 04:57
f10b2963-ac5e-483b-a0dc-caf728de6fb4,cyclical.cfd,available,1.99,31.99,high,low,8,name.com,,,13/08/2026 13:34
ed8e3ed0-ad5f-47ef-bbe9-f8d9bea72788,nether.cfd,available,1.39,26.98,high,low,6,namecheap,,,12/08/2026 07:29
671ad1d3-167d-4f60-868a-2bd49b0107d3,feminine.cfd,premium,68.43,147.2,high,low,8,namesilo,,,24/09/2026 17:35
fe793428-9bb2-41ad-9282-87083644c554,bangs.cfd,premium,390,780,medium,low,5,namecheap,,,16/09/2026 16:40
5c5a3c68-9cc0-4421-bb3e-c25730e74abc,vitamin.cfd,premium,68.43,147.2,high,low,7,namesilo,,,08/09/2026 14:16
70a1e96a-1d5d-4e66-beca-f8bc7a889cb4,glial.cfd,available,1.39,26.98,medium,low,5,namecheap,,,20/08/2026 14:24
e3f941d3-959e-4019-bc18-a5e3f1cb65c1,allopathic.cfd,available,1.39,26.98,medium,low,10,namecheap,,,
c3161ba9-25aa-40ce-9349-760831c9ab0c,illuminate.cfd,premium,68.43,147.2,high,low,10,namesilo,,,23/08/2026 02:47
f8cedbc3-4aad-4d28-8e24-95102e1afd23,egotistic.cfd,available,1.39,26.98,medium,low,9,namecheap,,,12/08/2026 19:55
68ef33f9-f56f-4239-904a-8e80ff4cb1a0,foreigner.cfd,premium,192,384,high,low,9,namesilo,,,
539cd8dd-7595-4a65-a375-6e595be78118,labial.cfd,available,1.39,26.98,medium,low,6,namecheap,,,22/08/2026 17:19
2f9cb0e1-4dd4-4e4e-9007-4dfe9cc07641,passbook.cfd,available,1.88,19.49,high,low,8,namesilo,,,22/09/2026 02:44
cf7f2fa8-eca4-4acf-8aab-419eab04ab18,adoringly.cfd,available,1.39,26.98,medium,low,9,namecheap,,,13/09/2026 17:23
ed8a7857-a194-487b-b4ab-22dace49f720,shaft.cfd,available,1.49,,high,low,5,name.com,,,
d2d464c3-f539-4346-84d3-0c35bb593ea8,quite.cfd,premium,165.12,330.24,high,low,5,namesilo,,,
e5bd8b8a-f227-4481-9508-f2d493b5a9a9,peaceable.cfd,available,1.39,26.98,high,low,9,namecheap,,,08/09/2026 11:08
645c4adf-f140-4cb5-ba9c-65f70cb95c5d,employed.cfd,premium,74.75,149.5,high,low,8,namecheap,,,16/08/2026 18:24
38343c0f-f037-4778-9aa5-a2ca2de2e3bc,snowed.cfd,available,1.88,19.49,medium,low,6,namesilo,,,20/09/2026 16:23
e60247f1-317b-4c8a-98e7-1f4ed7eb81c1,unaltered.cfd,available,1.39,26.98,high,low,9,namecheap,,,12/09/2026 00:30
71cb34bc-2c11-4ec6-b2d7-cb64115830b5,astarte.cfd,available,1.88,19.49,medium,low,7,namesilo,,,20/09/2026 14:01
7c17b1b1-af2e-401e-852b-9f94da5f5a14,awfully.cfd,available,1.88,19.49,medium,low,7,namesilo,,,22/09/2026 15:26
a8620ff7-b0c0-4ee6-839d-f9171c40d5cd,stooping.cfd,available,1.39,26.98,medium,low,8,namecheap,,,21/08/2026 15:34
02d299c1-d0c5-46a9-af08-0783f09a8634,miry.cfd,premium,11.8,23.6,medium,low,4,namesilo,,,10/08/2026 17:05
25acba88-692f-4ea4-b33b-26c3e05b6fbf,undecided.cfd,premium,192,384,high,low,9,namesilo,,,04/09/2026 14:20
8264939c-00d5-4fb4-bf6d-d6e0f12341b9,nero.cfd,premium,195,390,high,low,4,namecheap,,,25/09/2026 23:29
1bd81305-0f02-4eeb-8931-65f15c7e37b1,collegial.cfd,available,1.39,26.98,medium,low,9,namecheap,,,12/08/2026 17:06
3867941a-ac46-47f0-92b8-6c16f3f69cfb,sopranino.cfd,available,1.39,26.98,medium,low,9,namecheap,,,10/09/2026 14:22
d3a9d4e4-def7-4365-84b3-9733a71d2fd0,sidesaddle.cfd,available,1.39,26.98,medium,low,10,namecheap,,,16/09/2026 01:43
a085063f-0deb-415d-b89f-24dab7782869,liquors.cfd,available,1.88,19.49,medium,low,7,namesilo,,,20/09/2026 06:24
ca62d15f-c55a-4911-9155-68a28c2f0fa8,chivalrous.cfd,available,1.39,26.98,high,low,10,namecheap,,,12/08/2026 06:14
6f2fbf23-8df1-4dc9-a6d0-a1c0573840d9,shepard.cfd,premium,195,390,high,low,7,namecheap,,,18/09/2026 01:40
d3fb8c14-e7b9-43d7-a4c4-7b995e0731f8,finite.cfd,available,1.39,26.98,high,low,6,namecheap,,,18/08/2026 05:02
c109e9bb-dd15-492d-aa11-ea8101f9489b,bawdy.cfd,available,1.39,26.98,medium,low,5,namecheap,,,09/08/2026 02:05
147236f2-9fe4-49ea-b1e6-3a2c6eb9b0d0,bench.cfd,premium,384,768,high,low,5,namesilo,,,23/09/2026 07:36
bc43acfe-ec16-4d46-8f31-55c7e4d3b7d3,miracle.cfd,premium,195,390,high,low,7,namecheap,,,25/09/2026 12:05
b5814da7-385c-45f1-af74-633595946326,disrespect.cfd,available,1.49,,high,low,10,name.com,,,
8f4afe29-d94a-4240-a8a3-c9fb78623e34,stomachic.cfd,available,1.39,26.98,medium,low,9,namecheap,,,18/08/2026 20:37
fd5f1c21-4c03-4e2d-ac50-22262602bb79,adamance.cfd,available,1.88,19.49,medium,low,8,namesilo,,,17/09/2026 06:15
e2b70b48-45fa-496f-949a-5816bf2296ca,mid.cfd,premium,76.76,165.12,high,low,3,namesilo,,,
31e6d2da-c27e-4511-9ca7-e9f63d165265,fix.cfd,premium,76.76,165.12,high,low,3,namesilo,,,
c91bcfad-aa23-46d3-9457-efb615122ca3,collected.cfd,available,1.39,26.98,high,low,9,namecheap,,,12/08/2026 17:00
c4d75418-780f-409e-954e-e6f1d2a94ce3,accordion.cfd,premium,192,384,high,low,9,namesilo,,,16/09/2026 23:02
045d6f2c-eea3-4cbd-8942-23f471694e68,armored.cfd,available,1.39,26.98,high,low,7,namecheap,,,22/09/2026 08:00
79ceda8f-c2ee-4e47-b04d-2712d41437e9,suicidal.cfd,premium,68.43,147.2,medium,low,8,namesilo,,,10/09/2026 02:02
c43f53ef-c81c-45ea-9c16-1b48011a1f95,terse.cfd,available,1.39,26.98,medium,low,5,namecheap,,,22/08/2026 18:16
1de4193f-2be8-43a0-a036-cb342281e9ae,distantly.cfd,available,1.39,26.98,medium,low,9,namecheap,,,14/09/2026 13:17
49dc551d-3422-4ee9-a64a-10a249d06c34,unreactive.cfd,available,1.39,26.98,medium,low,10,namecheap,,,12/09/2026 17:50
4f2f27bd-5a6a-41d0-adda-99f46ea0f8c7,amidships.cfd,available,1.39,26.98,medium,low,9,namecheap,,,
9f968557-cd00-4a74-b187-6b344326f0e7,aspheric.cfd,available,1.39,26.98,medium,low,8,namecheap,,,07/08/2026 04:52
1260945b-62fe-446a-bba0-8c14a1ad482f,ralph.cfd,premium,46.61,94.8,high,high,5,namesilo,,,25/09/2026 11:33
32f4a80f-8130-4d49-9a53-5580d9eae28f,circular.cfd,premium,74.75,149.5,high,low,8,namecheap,,,23/09/2026 09:44
8390c729-cc57-45f8-84de-4fe135f2d12a,atypical.cfd,available,1.39,26.98,high,low,8,namecheap,,,07/08/2026 16:06
7c7e40a2-a3cd-451d-b55e-3914821022ba,feet.cfd,premium,384,768,high,low,4,namesilo,,,
a3a54fa2-0a79-44d7-8059-336d37c359da,tod.cfd,premium,384,768,high,low,3,namesilo,,,11/09/2026 16:39
894be390-6fd9-4208-8443-26338812e613,facilities.cfd,available,1.39,26.98,high,low,10,namecheap,,,26/09/2026 03:08
0dd5017b-5cc9-47cb-a7c5-8abe9ec8ec05,coffeecakes.cfd,available,1.39,26.98,medium,low,11,namecheap,,,21/09/2026 00:59
6f8322a9-b4a4-4c15-a45e-a2637320a3da,boloney.cfd,available,1.39,26.98,medium,low,7,namecheap,,,21/09/2026 23:45
3fe54b22-de53-4238-8724-f85c2ad4b2f3,beheading.cfd,available,1.39,26.98,medium,low,9,namecheap,,,23/09/2026 03:20
24f92338-5ad6-4d1f-90c6-e1fa8be4df3a,hollow.cfd,premium,384,768,high,low,6,namesilo,,,21/08/2026 10:31
79e1a4e6-8adb-4984-938d-0abfb061e7c7,monster.cfd,premium,384,768,high,high,7,namesilo,,,23/09/2026 03:25
d65ef0c4-5f8b-47b9-ab75-460fcfcb93d5,chromium.cfd,premium,390,780,high,low,8,namecheap,,,20/09/2026 22:39
e1fa7569-9d9d-4356-a4d5-3b7372679ef5,strips.cfd,premium,384,768,medium,low,6,namesilo,,,20/09/2026 02:09
50932e10-7144-47ae-8c84-ab2d7c5289da,polar.cfd,premium,384,768,high,low,5,namesilo,,,17/09/2026 09:21
5f1a22f3-e77e-466f-86ce-1fb24039c327,virtuoso.cfd,available,1.39,26.98,high,low,8,namecheap,,,21/09/2026 17:38
9ea344a2-0cb2-44f9-9996-83624f792ccd,barrister.cfd,premium,74.75,149.5,high,low,9,namecheap,,,22/09/2026 08:39
1d178f80-bca1-4874-87d8-d6e465f6a7c3,malaysian.cfd,premium,192,384,high,low,9,namesilo,,,24/08/2026 13:46
f1d5f7b5-101b-4c2f-861c-42f7817e6932,distortion.cfd,available,1.39,26.98,high,low,10,namecheap,,,11/09/2026 21:55
75fc1347-554b-4f9a-be6b-b17ff4543656,nearest.cfd,premium,165.12,330.24,high,low,7,namesilo,,,
63fb7e66-d515-46b7-9a51-62ec68c8185d,pyknic.cfd,available,1.39,26.98,medium,low,6,namecheap,,,17/08/2026 01:17
e1add070-1a2e-4730-bbee-f551899612ea,slacking.cfd,available,1.49,,medium,low,8,name.com,,,
0a6ac866-0e6c-4708-bd15-395df23a092c,inform.cfd,premium,384,768,high,low,6,namesilo,,,16/09/2026 07:13
efafa484-c41b-4c13-afe4-389c408ae4e6,vladimir.cfd,premium,68.43,147.2,high,low,8,namesilo,,,25/09/2026 14:40
b7aaf9a9-c3c9-4e16-81be-499ff987a2c5,astaire.cfd,available,1.88,19.49,medium,low,7,namesilo,,,20/09/2026 16:54
879b698f-cd7d-4029-ba05-d3df1f420223,encomium.cfd,available,1.39,26.98,high,low,8,namecheap,,,05/09/2026 00:40
2488b21f-b9f8-4ea8-af2d-a981ad1fee67,soddy.cfd,available,1.88,19.49,medium,low,5,namesilo,,,17/09/2026 09:26
fe4e205b-0876-4f4f-bad1-c213f5ea92d7,famished.cfd,available,1.39,26.98,medium,low,8,namecheap,,,17/08/2026 13:41
6cd0bfda-ba3f-4ff9-87b1-9b21fb2067ff,geese.cfd,available,1.49,,medium,low,5,name.com,,,
e2dfd1c3-ac27-4381-a481-9420b1240fa4,chairperson.cfd,available,1.49,,high,low,11,name.com,,,
3d5e10f9-b67d-45e1-967a-f12456cab09d,ritenuto.cfd,available,1.39,26.98,high,medium,8,namecheap,,,09/09/2026 09:55
0eb749f0-a98a-4cf3-8cc5-f21284a25280,plumb.cfd,premium,384,768,high,low,5,namesilo,,,12/08/2026 10:05
40d652a3-008e-43c4-8896-d9415f7ed90b,somatic.cfd,available,1.39,26.98,high,low,7,namecheap,,,13/08/2026 01:56
558414fb-82a7-45e3-8e1b-fb194cec146b,manycore.cfd,available,1.88,19.49,medium,low,8,namesilo,,,17/09/2026 08:17
21130a28-af87-4202-b923-a828dbe94ef2,peevish.cfd,available,1.39,26.98,medium,low,7,namecheap,,,22/08/2026 10:21
da25a8d2-097e-413a-9442-39b9948b716e,consuming.cfd,available,1.39,26.98,high,low,9,namecheap,,,23/09/2026 21:22
373e4889-fcba-42bc-8add-f73621856433,elderly.cfd,premium,192,384,high,low,7,namesilo,,,21/09/2026 22:30
51e6fbb8-d29b-480e-a9f4-04a25925134e,aspirant.cfd,available,1.39,26.98,medium,low,8,namecheap,,,07/08/2026 05:02
38acf53e-e01a-444a-8e6e-47bd703220be,province.cfd,premium,37.76,76.16,high,low,8,namesilo,,,
2bb2f51f-1f02-423a-ab0f-c8035332f22d,overripe.cfd,available,1.39,26.98,medium,low,8,namecheap,,,04/09/2026 21:44
3a105dd0-58cc-4247-9ecc-d87c010403b5,vestal.cfd,premium,384,768,medium,low,6,namesilo,,,13/09/2026 04:47
d3e03c4d-778d-4737-97d4-1cab62841dc8,beret.cfd,premium,384,768,high,low,5,namesilo,,,23/09/2026 09:15
dd2119ac-c768-4493-8e4b-c1a91208e195,coppery.cfd,available,1.39,26.98,medium,low,7,namecheap,,,13/08/2026 00:34
0c1b7831-78bc-47fb-921a-51c25dcbb21a,antoninus.cfd,available,1.88,19.49,medium,low,9,namesilo,,,19/09/2026 15:34
4c3eddfa-7cc6-4d46-83dc-2dfac58a6281,sniffy.cfd,available,1.39,26.98,medium,low,6,namecheap,,,21/08/2026 01:27
7688417b-9628-430f-a6d6-602fe14038e3,glacial.cfd,available,1.39,26.98,medium,low,7,namecheap,,,18/08/2026 16:28
1ee4c61a-641a-4694-b34f-98aa2bd89af2,mainstay.cfd,premium,68.43,147.2,high,low,8,namesilo,,,21/09/2026 15:13
b79a0c2c-538b-44c3-bbf9-2afb0deff888,nude.cfd,premium,384,768,high,low,4,namesilo,,,07/08/2026 16:15
fdcc5e47-9566-45c1-ba60-9a11e8cc8e28,acadia.cfd,premium,390,780,high,low,6,namecheap,,,16/09/2026 20:28
303b9456-9542-45e8-b305-470c69e4b20e,backache.cfd,available,1.88,19.49,medium,low,8,namesilo,,,21/09/2026 14:56
0d8772f4-89ac-4d05-b04e-ccc8be476675,indorse.cfd,available,1.39,26.98,medium,low,7,namecheap,,,08/08/2026 05:17
f468b71e-5ebf-4e8e-83c6-8c0f3a999ccf,olsen.cfd,premium,384,768,high,low,5,namesilo,,,25/09/2026 12:35
a719b48e-7a6c-45f0-b9dc-79e1582353a9,defamer.cfd,available,1.88,19.49,medium,low,7,namesilo,,,21/09/2026 15:02
7620f2a4-8dbe-404c-a384-9bafcecc4fb3,excess.cfd,premium,384,768,high,low,6,namesilo,,,17/08/2026 16:06
0a237cbd-6a66-4115-94d8-eedc21bd283a,combed.cfd,available,1.39,26.98,medium,low,6,namecheap,,,12/08/2026 18:33
7356c6e3-845c-4a69-9d73-eb350b4ac740,holey.cfd,available,1.39,26.98,medium,low,5,namecheap,,,21/08/2026 10:23
628eb4d0-45ff-4864-8286-a88c05761897,peerage.cfd,available,1.88,19.49,high,low,7,namesilo,,,22/09/2026 07:17
12fa3019-7cc4-441c-a38d-fcfe57b3fda1,alderman.cfd,premium,74.75,149.5,medium,low,8,namecheap,,,18/09/2026 04:34
80c16deb-0859-4f57-92d9-24f7b8a44861,guiding.cfd,premium,68.43,147.2,high,low,7,namesilo,,,14/08/2026 08:49
96abcc4a-35f6-4adc-a735-d57969bf4935,lighthouse.cfd,premium,74.75,149.5,high,medium,10,namecheap,,,22/09/2026 19:13
5a3cebec-da6c-44f6-aa1e-d250fbc27fd9,kilogram.cfd,available,1.49,,high,low,8,name.com,,,
2e835b01-5a1b-4fba-9a00-298344634e52,agonist.cfd,available,1.39,26.98,medium,low,7,namecheap,,,17/09/2026 18:56
b7059d85-9631-4a30-a510-409fdf47a8e5,illegalize.cfd,available,1.39,26.98,medium,low,10,namecheap,,,04/09/2026 19:26
d4a295f1-c0c6-4b73-9e4f-c67a9f81f633,yale.cfd,premium,384,768,high,low,4,namesilo,,,25/09/2026 05:27
10f267d0-99ab-4be2-b3d3-8682dae7e307,bathymetry.cfd,available,1.88,19.49,medium,low,10,namesilo,,,22/09/2026 13:55
9e745f48-fd76-4ec0-8a44-38e86f13f346,fondness.cfd,available,1.39,26.98,high,low,8,namecheap,,,17/09/2026 14:17
ded57bd0-f860-4490-a1c7-a310b9490d37,alate.cfd,available,1.39,26.98,high,low,5,namecheap,,,
59753a26-309b-45bc-b80c-774b09af408b,fitness.cfd,resell,,,high,low,7,Dynadot LLC,22/04/2021 04:45,22/04/2028 23:59,
80409604-74a4-42cd-b3bf-21aaddb03795,putrescent.cfd,available,1.39,26.98,high,medium,10,namecheap,,,09/09/2026 06:42
4fa2153a-8947-40eb-8f19-63061f5d63cf,ebooks.cfd,premium,384,768,high,low,6,namesilo,,,18/09/2026 08:29
721d5f8c-3cc5-4ddf-8e63-db5c924e49c5,laurie.cfd,premium,46.61,94.8,high,low,6,namesilo,,,25/09/2026 17:15
68d12419-d002-46c7-b8aa-2b70268aabad,sterilizer.cfd,available,1.88,19.49,high,low,10,namesilo,,,21/09/2026 06:04
d2015f53-23a6-42f3-889e-c92d22bd0a26,lusaka.cfd,premium,384,768,high,low,6,namesilo,,,24/09/2026 12:35
4c57b495-d340-4658-8c04-6042e2e477cf,caramel.cfd,premium,74.75,149.5,high,low,7,namecheap,,,11/08/2026 18:28
b2c7d01f-4a5f-4bd1-b519-e7de8d66659d,shiloh.cfd,premium,384,768,medium,low,6,namesilo,,,22/09/2026 15:39
e3ee364b-ba79-472b-b600-0d731fdaf4c7,unforeseen.cfd,available,1.39,26.98,high,low,10,namecheap,,,04/09/2026 18:50
c8005121-47a1-455b-801d-cc9fd00cc6d5,darkened.cfd,available,1.99,31.99,medium,low,8,name.com,,,13/08/2026 18:08
1b28666b-6652-41a2-b517-b49e85ac6260,denude.cfd,available,1.39,26.98,medium,low,6,namecheap,,,14/08/2026 02:02
bbbbed15-da0c-4092-a8d2-3c1a31e6bc25,monopoly.cfd,premium,360.5,721,high,low,8,namecheap,,,
958d9727-7d7a-4c7c-b5cc-af7b5e2217af,afield.cfd,available,1.39,26.98,medium,low,6,namecheap,,,13/09/2026 17:59
9c60475d-a84b-4652-87b0-feca09a82694,ancylus.cfd,available,1.88,19.49,medium,low,7,namesilo,,,19/09/2026 03:54
83a65435-7244-425b-a5a2-0adbda185927,token.cfd,premium,165.12,330.24,high,medium,5,namesilo,,,
86af4fc3-65c5-4d86-9e46-4fe048041cd2,switches.cfd,available,1.88,19.49,medium,low,8,namesilo,,,16/09/2026 23:57
b9a43ad2-05bc-4e62-a6aa-67b6a2830509,begotten.cfd,available,1.39,26.98,medium,low,8,namecheap,,,09/08/2026 09:11
2504abc1-5fd9-43a5-a9a1-01da1c879cb9,unsure.cfd,available,1.39,26.98,medium,low,6,namecheap,,,22/08/2026 01:08
86efe156-9c77-4a72-969a-94ba83e8fe87,certificate.cfd,premium,37.76,76.16,high,low,11,namesilo,,,
837c4585-3578-4970-9bee-49a9a71f123e,yankee.cfd,premium,384,768,high,low,6,namesilo,,,13/09/2026 14:12
4d67b401-99e1-4d30-a1ac-af0963eb8633,autobus.cfd,premium,68.43,147.2,high,low,7,namesilo,,,21/09/2026 05:51
743f4b5b-7307-4026-9040-09e5e6eb9d0f,thompson.cfd,premium,384,768,high,low,8,namesilo,,,23/09/2026 08:26
b624fbd1-d0a9-4e57-8cfb-990f0ae26a57,dopey.cfd,available,1.39,26.98,medium,low,5,namecheap,,,14/08/2026 16:04
d772d1b5-ae9b-4e44-a9a4-e75b8001ca9c,slanted.cfd,available,1.39,26.98,medium,low,7,namecheap,,,07/08/2026 04:15
32fbce24-4cf8-4ae6-a5c6-f9766e1563d3,ataraxic.cfd,available,1.39,26.98,low,low,8,namecheap,,,07/08/2026 12:49
c1bea167-cef4-486f-8732-d5ae56fa0688,supplier.cfd,premium,37.76,76.16,high,low,8,namesilo,,,
6ffa4770-9d19-4f8f-8c8d-dcfe3beaf767,calming.cfd,available,1.39,26.98,high,low,7,namecheap,,,19/09/2026 20:28
60e38733-18fd-4b32-b076-2b1608847113,booth.cfd,premium,384,768,high,low,5,namesilo,,,24/09/2026 07:20
23096fb1-cc13-4e59-a1e7-fcf3f05a4dbe,avogadro.cfd,available,1.39,26.98,medium,low,8,namecheap,,,18/09/2026 17:51
096ac7c9-16f9-48e8-9454-cc79b046cd92,orphic.cfd,available,1.39,26.98,medium,low,6,namecheap,,,03/09/2026 12:27
ca409207-0f91-4268-a594-52fb9dc45e07,resister.cfd,available,1.88,19.49,medium,low,8,namesilo,,,17/09/2026 10:48
24d7413b-eb23-4d32-98dc-5e2f9d312da6,banff.cfd,premium,384,768,high,low,5,namesilo,,,22/09/2026 01:44
62e7378f-ac14-45da-b0ac-8752a50d45d9,traverse.cfd,available,1.39,26.98,high,low,8,namecheap,,,13/08/2026 07:58
5f618c5b-bf92-4bc3-9322-b1d1fd9b6604,apian.cfd,available,1.39,26.98,medium,low,5,namecheap,,,05/08/2026 23:47
22e032e7-aef4-47fa-9dbc-44da565beb5c,bubble.cfd,premium,329.6,659.2,high,low,6,namesilo,,,
539edf64-8139-4bc9-9787-aad85bf344a4,grass.cfd,premium,165.12,330.24,high,low,5,namesilo,,,
d1792c58-5b27-4c92-a1fb-8ae37c05b357,stylishly.cfd,available,1.88,19.49,medium,low,9,namesilo,,,16/09/2026 07:28
4ef2b472-093a-414a-a6b8-2d68d86644fb,weedless.cfd,available,1.39,26.98,medium,low,8,namecheap,,,13/09/2026 10:00
4816390f-b2bd-44f6-9d62-6499ad4a3e2a,himself.cfd,premium,165.12,330.24,medium,low,7,namesilo,,,
b5497655-9147-4fe9-938a-5d932753d4fe,akimbo.cfd,available,1.39,26.98,medium,low,6,namecheap,,,
42511428-7228-4674-9314-6403ce0365b8,analogical.cfd,available,1.39,26.98,medium,low,10,namecheap,,,
816fa463-5abd-4c4e-9c76-42b71ff272f2,crusted.cfd,available,1.39,26.98,medium,low,7,namecheap,,,13/08/2026 09:22
96072d96-f7c1-4ad3-a111-d63202656146,genius.cfd,premium,390,780,high,medium,6,namecheap,,,21/09/2026 17:41
e89042f9-e273-4931-ab12-20be4a57975c,destination.cfd,premium,44.8,89.6,high,low,11,namecheap,,,
4a6ad17a-6ed9-4c93-8381-279969dc785b,suicide.cfd,premium,68.43,147.2,high,low,7,namesilo,,,25/09/2026 05:57
58f6394c-229d-4dbc-ac54-a3a6fa341192,adornment.cfd,available,1.88,19.49,high,low,9,namesilo,,,17/09/2026 09:46
b391733a-0e29-4255-a9e3-c13ff5a110b7,sasquatch.cfd,premium,192,384,high,low,9,namesilo,,,23/09/2026 15:07
dcb44a40-12a1-4556-9eaa-96e9b1e1512c,bloodless.cfd,available,1.39,26.98,medium,low,9,namecheap,,,07/08/2026 02:19
83773f08-6928-4f0b-abc3-68815e0ca7c9,delimited.cfd,available,1.39,26.98,medium,low,9,namecheap,,,10/08/2026 21:54
6f48dd27-fcbe-4318-9546-f225583be5d6,visceral.cfd,available,1.39,26.98,medium,low,8,namecheap,,,10/09/2026 16:02
fd7a7e94-9971-4f2e-8168-32a79bf6e264,lightweight.cfd,premium,37.76,76.16,high,low,11,namesilo,,,
7a9d4c71-5b3e-44bf-96ba-f44eebae86f0,speckless.cfd,available,1.39,26.98,medium,low,9,namecheap,,,21/08/2026 20:42
ee853751-82d4-4e3e-88a0-628435fabc17,origin.cfd,premium,384,768,high,low,6,namesilo,,,08/09/2026 13:23
64d157d8-4e63-48e3-8095-831a636ef5c5,syndicate.cfd,resell,,,high,low,9,,,,24/09/2026 17:30
942961b8-6b87-4cf4-a66b-09b945a005f4,seagirt.cfd,available,1.39,26.98,medium,low,7,namecheap,,,10/09/2026 00:39
e14f84f4-0bf8-45ef-b11e-86784b445814,unhatched.cfd,available,1.39,26.98,medium,low,9,namecheap,,,12/09/2026 12:05
412967e3-41b3-4e6a-acc4-33b24bfdcedf,unloved.cfd,available,1.39,26.98,medium,low,7,namecheap,,,12/09/2026 15:10
c464be67-d774-4d45-a070-9ae9a6251465,muscular.cfd,available,1.39,26.98,high,low,8,namecheap,,,11/08/2026 02:50
922ebe3d-60c0-477d-9f68-e553f5efc9e6,julian.cfd,premium,192,384,high,low,6,namesilo,,,22/08/2026 14:19
6a340e26-db3b-4368-9034-8c3969c485a6,foliated.cfd,available,1.39,26.98,medium,low,8,namecheap,,,08/09/2026 09:20
71183590-95a2-4f4c-bd2a-001b8f9b0107,scalable.cfd,available,1.39,26.98,high,low,8,namecheap,,,09/09/2026 22:15
e51eb1be-4fec-482c-9c57-e51a8a63f529,two.cfd,premium,384,768,high,low,3,namesilo,,,21/09/2026 12:14
e4c35775-265c-4006-8826-e7183a6b2d80,athanor.cfd,available,1.39,26.98,medium,low,7,namecheap,,,20/09/2026 20:28
b1b15751-570c-4247-964b-d77cf5f28f82,vaned.cfd,available,1.39,26.98,medium,low,5,namecheap,,,13/09/2026 01:06
ed65673c-aed3-4e73-8273-b4d1503894c7,district.cfd,premium,37.76,76.16,high,low,8,namesilo,,,
e174d990-a4f9-4dc9-81a7-26d1d2be86b9,thrown.cfd,available,1.49,,medium,low,6,name.com,,,
9ae48c83-7da6-45ec-b9cc-bf8109b3d413,hoary.cfd,available,1.39,26.98,medium,low,5,namecheap,,,20/08/2026 19:20
1e97b0a4-7a0a-4d67-bc34-af60af51aff9,pilous.cfd,available,1.39,26.98,high,medium,6,namecheap,,,08/09/2026 19:38
8b2a18de-343e-40e5-bde7-d8a5a4ef0ff5,contorted.cfd,available,1.39,26.98,medium,low,9,namecheap,,,12/08/2026 23:22
fab789db-c867-402f-84bc-632213191c13,monochrome.cfd,available,1.39,26.98,high,low,10,namecheap,,,25/08/2026 04:59
6bc848ee-72e3-4de1-9932-34e58f3b21ad,expectancy.cfd,available,1.88,19.49,high,low,10,namesilo,,,19/09/2026 14:15
5821e1e6-160d-4315-aa22-386529d10884,accusing.cfd,available,1.39,26.98,medium,low,8,namecheap,,,
68e9af75-cc1b-4d09-a277-d46651989c9e,pot.cfd,premium,390,780,high,low,3,namecheap,,,25/09/2026 20:52
f4d16e35-8072-4dd0-ad75-f02dc04713f9,palladio.cfd,available,1.39,26.98,high,low,8,namecheap,,,19/09/2026 04:26
5a6fb07b-4e8a-4452-98d2-44808aef906f,slithery.cfd,available,1.39,26.98,medium,low,8,namecheap,,,10/09/2026 11:09
9791e310-f26b-4ad0-a32d-816d79b90e76,cycling.cfd,premium,68.43,147.2,high,low,7,namesilo,,,24/09/2026 20:45
caa8693e-e4f2-4d6d-89a6-e1b56593d5a9,laic.cfd,premium,13,26,medium,low,4,namecheap,,,22/08/2026 18:47
1ba17cdf-c889-4729-b16e-7b04bf303778,scale.cfd,premium,329.6,659.2,high,medium,5,namesilo,,,
8d3fd820-28c3-452f-983b-0f7fcad5c56e,unpaired.cfd,available,1.39,26.98,medium,low,8,namecheap,,,12/09/2026 15:30
b9778a13-db3b-4c4a-92ff-835a1380b62b,likewise.cfd,available,1.88,19.49,high,low,8,namesilo,,,22/09/2026 00:06
dab860c8-1fb5-4644-b1e8-d197bd8efd55,lithe.cfd,available,1.39,26.98,high,low,5,namecheap,,,24/08/2026 00:26
71441705-2f7b-4b76-a28e-e0ea9111fd7f,esthetics.cfd,available,1.88,19.49,high,low,9,namesilo,,,17/09/2026 13:38
3dbe55bb-cd6f-4771-98e2-2bcb51b5fdbe,proclaim.cfd,available,1.49,,high,low,8,name.com,,,
972f68a5-db0d-4284-8039-ae052e3f92a4,drycleaning.cfd,available,1.39,26.98,high,low,11,namecheap,,,21/09/2026 04:39
4e904906-2ff7-4d81-addf-38a271a74965,receive.cfd,premium,165.12,330.24,high,low,7,namesilo,,,
9b028bab-b973-496b-b22f-623f5afb9717,hides.cfd,available,1.88,19.49,medium,low,5,namesilo,,,18/09/2026 23:59
ae22a6a0-0609-4c46-b1b1-47c7d98301a8,tatum.cfd,premium,384,768,high,low,5,namesilo,,,20/09/2026 10:00
97302e5a-6431-47a2-b9f5-153b7e1e4eeb,unbooked.cfd,available,1.39,26.98,medium,low,8,namecheap,,,12/09/2026 02:19
d9f5e7e2-8c65-421b-94f0-d6dcd3092e08,play.cfd,premium,329.6,659.2,high,medium,4,namesilo,,,
deb502da-7d0d-4838-801a-26c01d9fb1f4,paramount.cfd,premium,384,768,high,low,9,namesilo,,,04/09/2026 21:41
f4b9be70-12e1-40dc-bf0d-678d9c00e755,humoring.cfd,available,1.39,26.98,high,low,8,namecheap,,,05/09/2026 00:31
556c9b18-66ec-496f-be30-ad2c782d0b5f,viral.cfd,premium,384,768,high,medium,5,namesilo,,,13/09/2026 05:53
710aeda0-fef3-448c-84fd-b00d233bf3ef,peach.cfd,premium,384,768,high,low,5,namesilo,,,22/08/2026 16:45
f9e055a1-afc2-4b9c-8189-187a61baa296,amicably.cfd,available,1.39,26.98,medium,low,8,namecheap,,,13/09/2026 19:29
b869842c-c366-497c-8a4e-269feb39fb58,permutable.cfd,available,1.39,26.98,medium,low,10,namecheap,,,08/09/2026 17:50
519de64a-9c31-4ea6-9cbd-e245f1c02152,synoptical.cfd,available,1.39,26.98,medium,low,10,namecheap,,,11/09/2026 06:35
92a8d60f-6a9d-4da8-aade-a9ff9a527bca,gladsome.cfd,available,1.39,26.98,high,low,8,namecheap,,,19/08/2026 00:13
414d1805-b3d0-455c-a1b6-7fdc9a6c66d0,unlisted.cfd,premium,384,768,high,low,8,namesilo,,,12/09/2026 14:55
8bb2412d-1a9a-4c3b-9568-8d015d36f23c,carlos.cfd,premium,384,768,high,low,6,namesilo,,,19/09/2026 04:37
63abe4ba-b933-4b4a-a2d2-aa00088c6da6,concert.cfd,premium,68.43,147.2,high,low,7,namesilo,,,25/09/2026 03:04
a8fc343d-9b3a-48d4-87d2-7382a6e0acc3,expired.cfd,premium,74.75,149.5,medium,low,7,namecheap,,,17/08/2026 18:21
3be19c46-aa08-45e8-81c7-fc1142d87297,tribade.cfd,available,1.39,26.98,medium,low,7,namecheap,,,23/08/2026 00:20